data,precalculated
2.004,0
-7.464,0.005
7.216,0.02
-5.316,0.045
-4.486,0.08
-3.69,0.125
1.747,0.18
-1.116,0.245
-1.802,0.32
5.635,0.405
10.122,0.5
0.86,0.605
-1.197,0.72
-3.291,0.845
-7.908,0.98
7.496,1.125
2.452,1.28
-8.523,1.444
-7.486,1.619
0.168,1.804
8.121,1.999
-4.878,2.203
-1.128,2.418
12.243,2.644
6.167,2.88
-6.428,3.123
-1.24,3.377
6.584,3.642
-4.197,3.915
10.994,4.202
-2.607,4.494
13.044,4.802
2.62,5.116
7.304,5.442
15.105,5.782
5.968,6.127
16.065,6.488
15.652,6.86
4.842,7.234
1.692,7.615
6.961,8.01
-0.065,8.408
9.671,8.825
16.046,9.257
4.993,9.688
12.293,10.136
20.272,10.604
1.851,11.058
16.218,11.541
10.602,12.025
12.451,12.521
6.422,13.017
20.554,13.545
15.988,14.076
4.621,14.593
9.064,15.126
9.292,15.668
10.314,16.22
15.316,16.793
18.577,17.381
22.586,17.99
13.688,18.582
20.689,19.203
10.751,19.801
26.958,20.458
21.957,21.108
12.011,21.73
25.868,22.41
32.8,23.124
24.215,23.813
33.165,24.547
26.201,25.261
31.869,26.007
20.291,26.707
18.157,27.401
33.518,28.178
34.789,28.968
38.268,29.785
28.604,30.556
26.58,31.321
28.552,32.101
31.957,32.907
31.246,33.713
38.637,34.572
34.014,35.406
38.419,36.274
35.44,37.125
34.934,37.976
43.406,38.894
35.457,39.756
30.654,40.581
50.203,41.565
37.816,42.451
39.117,43.35
43.979,44.292
46.175,45.255
44.708,46.207
41.183,47.126
57.62,48.203
49.07,49.199
55.408,50.259
46.685,51.231
46.402,52.199
47.098,53.172
62.611,54.311
51.393,55.327
55.267,56.384
47.967,57.355
57.878,58.437
59.323,59.534
56.771,60.597
56.372,61.651
69.141,62.859
60.226,63.952
68.59,65.148
71.499,66.378
58.191,67.427
67.101,68.59
71.016,69.799
64.534,70.914
78.197,72.211
73.688,73.439
64.461,74.529
76.147,75.778
71.187,76.947
71.972,78.119
86.947,79.505
74.005,80.688
85.556,82.037
89.67,83.44
91.619,84.864
90.264,86.257
93.574,87.693
87.753,89.025
84.242,90.29
99.074,91.782
88.872,93.097
97.928,94.547
100.691,96.031
94.079,97.393
103.948,98.905
100.146,100.341
104.463,101.836
105.91,103.341
107.671,104.861
100.101,106.237
104.17,107.667
99.696,109.004
102.772,110.38
106.726,111.809
111.04,113.298
112.555,114.797
123.351,116.471
109.697,117.884
116.424,119.4
111.098,120.803
112.38,122.211
116.936,123.685
129.283,125.364
128.925,127.018
119.19,128.475
132.105,130.15
133.7,131.834
124.135,133.321
136.988,135.027
132.103,136.622
146.371,138.461
136.815,140.101
140.341,141.785
144.582,143.527
154.116,145.426
146.541,147.16
142.687,148.798
145.426,150.466
151.366,152.225
149.886,153.932
153.83,155.691
156.267,157.472
157.67,159.257
157.916,161.023
157.44,162.755
161.976,164.55
175.198,166.573
173.685,168.541
168.556,170.385
168.168,172.196
166.232,173.944
169.742,175.736
171.085,177.527
178.7,179.44
170.674,181.172
185.626,183.166
175.298,184.934
193.174,187.02
183.544,188.893
185.373,190.774
195.337,192.82
184.426,194.627
192.479,196.563
195.004,198.52
206.707,200.675
196.043,202.594
195.23,204.469
200.038,206.409
203.782,208.393
219.849,210.66
217.168,212.842
222.986,215.107
217.306,217.229
213.411,219.246
228.781,221.53
220.844,223.628
231.887,225.91
217.541,227.881
223.175,229.931
222.609,231.939
223.501,233.935
233.791,236.1
233.571,238.228
246.767,240.581
236.992,242.71
241.953,244.903
250.808,247.235
238.795,249.3
243.566,251.427
257.566,253.792
260.843,256.186
248.665,258.309
258.305,260.586
269.407,263.044
262.249,265.328
268.335,267.695
277.652,270.207
276.999,272.67
283.717,275.226
269.263,277.465
276.92,279.818
288.101,282.352
281.556,284.722
279.896,287.023
287.788,289.442
296.223,291.987
297.19,294.513
303.17,297.117
295.801,299.54
298.111,301.97
294.663,304.296
314.017,306.96
297.872,309.272
311.252,311.806
318.13,314.435
316.861,317
319.784,319.582
311.379,321.962
329.374,324.653
323.118,327.182
333.683,329.876
329.969,332.457
325.284,334.908
328.695,337.386
335.583,339.958
331.735,342.415
335.374,344.904
351.493,347.665
342.87,350.217
352.138,352.909
359.27,355.696
348.9,358.24
351.791,360.8
354.874,363.378
364.22,366.096
375.305,368.987
374.962,371.827
369.39,374.515
382.585,377.416
379.579,380.214
378.866,382.954
388.37,385.836
389.344,388.691
382.595,391.371
401.358,394.371
385.238,397.013
399.597,399.89
394.714,402.627
409.153,405.6
411.669,408.576
406.057,411.396
413.285,414.311
415.335,417.22
415.069,420.077
416.552,422.917
420.157,425.781
416.859,428.535
436.097,431.618
431.537,434.563
439.164,437.61
432.046,440.47
446.145,443.557
441.572,446.506
453.638,449.643
458.078,452.816
444.851,455.682
464.843,458.889
463.898,462.027
468.513,465.205
457.597,468.12
464.65,471.124
464.762,474.081
470.773,477.107
473.005,480.126
486.911,483.366
483.033,486.479
483.643,489.554
480.44,492.515
497.658,495.762
495.009,498.906
494.782,501.994
507.508,505.278
500.543,508.374
503.982,511.486
518.21,514.824
517.556,518.095
514.338,521.25
517.732,524.419
531.818,527.81
527.178,531.057
530.427,534.313
526.038,537.429
534.864,540.666
543.709,544.021
550.313,547.451
538.162,550.587
545.473,553.813
562.721,557.322
563.116,560.782
560.368,564.132
558.133,567.383
565.534,570.723
563.077,573.96
573.404,577.344
581.207,580.824
576.707,584.159
587.047,587.641
590.014,591.122
594.418,594.632
601.54,598.224
591.999,601.57
592.436,604.867
606.362,608.381
603.582,611.782
612.524,615.301
609.893,618.709
611.995,622.101
622.116,625.633
618.328,629.032
636.111,632.721
630.15,636.232
629.67,639.675
631.731,643.099
646.799,646.76
641.018,650.247
649.519,653.841
665.178,657.681
657.164,661.301
663.66,664.987
673.173,668.798
678.726,672.655
679.399,676.462
673.508,680.089
677.887,683.741
677.551,687.324
680.192,690.897
699.857,694.794
704.16,698.712
689.442,702.275
698.23,705.949
703.372,709.661
713.231,713.504
722.311,717.46
721.681,721.337
713.579,724.99
724.581,728.796
721.684,732.48
725.713,736.18
746.38,740.221
733.435,743.941
748.207,747.887
749.983,751.801
761.54,755.875
748.26,759.62
755.14,763.436
756.138,767.205
760.191,770.988
768.262,774.864
785.857,779.02
785.326,783.095
782.329,787.043
780.891,790.894
791.361,794.885
795.676,798.892
804.325,803
799.344,806.941
807.759,810.979
819.817,815.185
816.41,819.253
820.055,823.323
833.782,827.593
822.365,831.566
840.186,835.821
840.196,840.004
848.279,844.275
837.432,848.259
846.122,852.345
855.192,856.539
847.714,860.513
866.123,864.78
871.052,869.071
876.203,873.39
863.666,877.389
874.03,881.521
875.678,885.614
887.632,889.87
900.337,894.303
888.743,898.432
902.071,902.752
904.624,907.047
912.037,911.415
917.339,915.811
911.167,920.011
910.566,924.125
920.706,928.366
923.89,932.595
940.271,937.073
934.595,941.363
933.39,945.553
946.962,949.937
940.554,954.119
949.077,958.394
959.758,962.805
957.11,967.086
974.554,971.636
967.126,975.962
969.593,980.26
974.379,984.576
993.676,989.196
1000,993.864
990.298,998.258
1006,1003
995.695,1007
1015,1012
1004,1016
1023,1021
1022,1025
1032,1030
1027,1035
1039,1039
1036,1044
1043,1048
1043,1053
1048,1057
1060,1062
1067,1067
1066,1071
1079,1076
1071,1081
1088,1085
1094,1090
1096,1095
1102,1100
1096,1105
1107,1109
1117,1114
1116,1119
1119,1124
1126,1128
1127,1133
1126,1138
1144,1143
1149,1148
1139,1152
1150,1157
1155,1162
1170,1167
1171,1172
1171,1177
1167,1181
1175,1186
1182,1191
1193,1196
1189,1201
1200,1205
1212,1211
1218,1216
1215,1221
1228,1226
1235,1231
1226,1236
1225,1240
1250,1246
1243,1251
1250,1256
1245,1260
1255,1265
1257,1270
1275,1275
1280,1280
1277,1285
1291,1291
1293,1296
1292,1301
1304,1306
1302,1311
1304,1316
1320,1321
1320,1326
1334,1332
1331,1337
1337,1342
1344,1347
1353,1353
1361,1358
1366,1363
1360,1369
1363,1374
1376,1379
1378,1384
1386,1390
1387,1395
1396,1400
1390,1405
1400,1410
1400,1416
1415,1421
1422,1426
1424,1432
1432,1437
1440,1442
1435,1448
1442,1453
1459,1458
1463,1464
1468,1469
1474,1475
1467,1480
1486,1486
1476,1491
1495,1497
1506,1502
1493,1508
1507,1513
1513,1519
1526,1524
1530,1530
1520,1535
1526,1541
1538,1546
1542,1552
1543,1557
1559,1563
1570,1568
1569,1574
1567,1579
1584,1585
1585,1591
1587,1596
1590,1602
1594,1607
1616,1613
1621,1619
1628,1625
1622,1631
1628,1636
1628,1642
1636,1647
1640,1653
1651,1659
1668,1665
1666,1670
1674,1676
1681,1682
1687,1688
1680,1694
1702,1700
1695,1706
1711,1711
1715,1717
1715,1723
1729,1729
1727,1735
1732,1741
1747,1747
1738,1753
1756,1759
1762,1765
1762,1771
1770,1777
1774,1782
1775,1788
1783,1794
1784,1800
1809,1806
1805,1812
1815,1818
1811,1824
1816,1830
1823,1836
1841,1842
1848,1848
1858,1855
1856,1861
1856,1867
1875,1873
1881,1879
1883,1885
1892,1892
1895,1898
1893,1904
1895,1910
1907,1916
1913,1922
1920,1928
1932,1935
1930,1941
1946,1947
1946,1953
1958,1960
1954,1966
1970,1972
1967,1978
1981,1985
1992,1991
1991,1998
1992,2004
2010,2010
2002,2016
2024,2023
2017,2029
2032,2036
2036,2042
2051,2049
2045,2055
2050,2061
2062,2068
2061,2074
2065,2080
2079,2087
2081,2093
2102,2100
2105,2106
2106,2113
2103,2119
2123,2126
2132,2132
2127,2139
2148,2146
2149,2152
2149,2159
2161,2165
2158,2172
2181,2179
2176,2185
2194,2192
2201,2199
2191,2205
2200,2212
2208,2218
2222,2225
2220,2232
2241,2238
2229,2245
2246,2252
2257,2259
2261,2265
2273,2272
2271,2279
2275,2286
2290,2292
2293,2299
2289,2306
2310,2313
2317,2320
2312,2326
2322,2333
2335,2340
2330,2347
2341,2353
2360,2360
2362,2367
2375,2374
2376,2381
2376,2388
2377,2395
2389,2402
2396,2408
2409,2415
2419,2422
2424,2429
2424,2436
2435,2443
2435,2450
2457,2457
2457,2464
2469,2471
2480,2478
2474,2485
2490,2493
2482,2499
2492,2506
2505,2513
2511,2520
2516,2527
2533,2535
2539,2542
2538,2549
2544,2556
2562,2563
2567,2571
2579,2578
2585,2585
2578,2592
2593,2599
2606,2607
2607,2614
2613,2621
2618,2628
2634,2636
2635,2643
2651,2650
2652,2658
2661,2665
2660,2672
2664,2680
2676,2687
2681,2694
2687,2701
2694,2708
2715,2716
2725,2723
2716,2731
2726,2738
2739,2745
2736,2753
2762,2760
2766,2768
2761,2775
2769,2782
2788,2790
2780,2797
2790,2805
2806,2812
2805,2819
2814,2827
2833,2835
2837,2842
2849,2850
2843,2857
2851,2865
2873,2872
2881,2880
2879,2888
2895,2895
2886,2903
2898,2910
2921,2918
2926,2926
2927,2934
2938,2941
2934,2949
2952,2957
2963,2964
2973,2972
2971,2980
2983,2988
2993,2996
2986,3003
3003,3011
3012,3019
3028,3027
3034,3035
3024,3042
3050,3050
3047,3058
3057,3066
3063,3074
3065,3081
3073,3089
3084,3097
3103,3105
3098,3112
3115,3120
3124,3128
3120,3136
3142,3144
3142,3152
3147,3160
3160,3168
3158,3176
3179,3184
3182,3192
3196,3200
3196,3208
3209,3216
3211,3223
3223,3232
3226,3239
3247,3248
3249,3256
3261,3264
3262,3272
3282,3280
3281,3288
3288,3296
3297,3305
3305,3313
3323,3321
3320,3329
3338,3338
3340,3346
3350,3354
3346,3362
3369,3370
3368,3379
3385,3387
3388,3395
3402,3404
3394,3412
3408,3420
3417,3428
3422,3436
3441,3445
3439,3453
3452,3461
3456,3469
3467,3478
3470,3486
3496,3494
3497,3503
3504,3511
3509,3519
3512,3528
3521,3536
3534,3544
3551,3553
3547,3561
3559,3570
3567,3578
3581,3586
3580,3595
3602,3603
3601,3612
3608,3620
3627,3629
3633,3638
3634,3646
3644,3655
3657,3663
3666,3672
3667,3680
3681,3689
3686,3697
3706,3706
3698,3715
3708,3723
3719,3732
3741,3740
3742,3749
3751,3758
3764,3767
3767,3775
3766,3784
3786,3793
3793,3801
3798,3810
3809,3819
3821,3827
3835,3836
3828,3845
3836,3853
3851,3862
3857,3871
3867,3880
3881,3888
3897,3897
3902,3906
3901,3915
3919,3924
3920,3933
3942,3942
3944,3951
3945,3960
3964,3969
3962,3977
3981,3986
3995,3995
3990,4004
4011,4013
4023,4022
4019,4031
4033,4040
4044,4049
4045,4058
4060,4067
4061,4076
4077,4085
4083,4094
4092,4103
4112,4113
4107,4121
4131,4131
4138,4140
4134,4149
4147,4158
4163,4167
4166,4176
4176,4186
4184,4195
4201,4204
4207,4213
4213,4222
4219,4231
4224,4241
4234,4250
4258,4259
4259,4268
4276,4278
4277,4287
4283,4296
4302,4305
4310,4315
4322,4324
4315,4333
4328,4343
4340,4352
4349,4361
4352,4370
4379,4380
4385,4389
4388,4399
4404,4408
4418,4418
4420,4427
4436,4437
4428,4446
4444,4455
4458,4465
4459,4474
4466,4484
4489,4493
4484,4502
4504,4512
4522,4522
4521,4531
4536,4541
4538,4550
4542,4560
4553,4569
4561,4579
4588,4588
4588,4598
4608,4608
4611,4617
4617,4627
4637,4637
4632,4646
4643,4656
4659,4666
4660,4675
4675,4685
4675,4694
4701,4704
4696,4714
4723,4724
4724,4733
4736,4743
4734,4753
4762,4763
4763,4772
4766,4782
4786,4792
4792,4802
4800,4812
4813,4821
4828,4831
4823,4841
4831,4851
4842,4860
4857,4870
4877,4880
4886,4890
4894,4900
4904,4910
4903,4920
4918,4930
4927,4940
4940,4950
4951,4960
4964,4970
4974,4980
4984,4990
4998,5000
5003,5010
