index,time,accX,accY,accZ,gyroX,gyroY,gyroZ
0,6.438,-0.052,0.017,1.082,4.333,2.625,3.11
1,6.449,-0.044,0.032,1.088,4.333,2.441,3.29
2,6.46,-0.041,0.018,1.064,3.906,2.502,3.05
3,6.471,-0.041,0.032,1.079,4.272,2.563,3.72
4,6.482,-0.055,0.015,1.079,4.272,2.441,3.41
5,6.493,-0.044,0.032,1.08,4.272,2.38,3.23
6,6.504,-0.047,0.019,1.078,4.15,2.441,3.54
7,6.515,-0.039,0.008,1.093,4.028,2.502,3.17
8,6.526,-0.048,0.015,1.088,4.333,2.502,3.23
9,6.537,-0.042,0.026,1.058,4.211,2.136,3.23
10,6.548,-0.047,0.023,1.061,4.456,2.502,3.47
11,6.559,-0.048,0.015,1.09,3.967,2.747,3.47
12,6.57,-0.035,0.024,1.073,4.822,2.991,3.78
13,6.581,-0.038,0.012,1.098,3.845,2.441,3.47
14,6.592,-0.048,0.021,1.065,4.456,3.296,3.78
15,6.603,-0.041,0.031,1.082,4.272,2.686,2.99
16,6.614,-0.043,0.017,1.066,4.883,2.991,3.66
17,6.625,-0.041,0.028,1.072,4.272,2.808,3.11
18,6.636,-0.061,0.007,1.083,5.066,2.441,3.66
19,6.647,-0.056,0.013,1.085,4.883,3.174,3.78
20,6.658,-0.052,0.032,1.066,4.211,2.869,3.35
21,6.669,-0.066,0.022,1.067,3.357,2.625,3.23
22,6.68,-0.041,0.025,1.055,3.662,2.563,3.84
23,6.691,-0.042,0.02,1.081,4.211,2.502,3.23
24,6.702,-0.042,0.019,1.09,4.517,2.502,3.29
25,6.713,-0.045,0.017,1.093,4.272,2.686,3.11
26,6.724,-0.036,0.018,1.079,4.395,2.441,3.11
27,6.735,-0.043,0.013,1.094,4.211,2.197,3.35
28,6.746,-0.047,0.018,1.077,4.089,2.93,4.08
29,6.757,-0.042,0.018,1.062,4.761,2.441,3.47
30,6.768,-0.041,0.016,1.077,4.639,2.93,3.66
31,6.779,-0.051,0.026,1.081,4.089,2.319,3.05
32,6.79,-0.05,0.027,1.071,4.456,2.686,3.35
33,6.801,-0.034,0.013,1.088,4.333,2.93,3.72
34,6.812,-0.032,0.023,1.081,3.662,2.563,3.6
35,6.823,-0.031,0.01,1.082,4.089,2.625,3.17
36,6.834,-0.041,0.005,1.081,3.967,2.441,3.72
37,6.845,-0.045,0.018,1.078,4.456,2.991,3.29
38,6.856,-0.033,0.022,1.061,4.456,2.319,2.86
39,6.867,-0.045,0.01,1.093,4.761,2.747,3.35
40,6.878,-0.034,0.024,1.077,4.211,2.441,3.72
41,6.889,-0.05,0.018,1.09,4.578,2.563,3.9
42,6.9,-0.043,0.018,1.096,5.066,2.502,3.54
43,6.911,-0.042,0.015,1.078,3.906,2.563,3.47
44,6.922,-0.045,0.018,1.08,4.822,3.174,3.6
45,6.933,-0.042,0.019,1.075,4.333,2.625,2.86
46,6.944,-0.031,0.016,1.047,4.272,2.258,3.41
47,6.955,-0.04,0.014,1.072,4.028,2.38,2.74
48,6.966,-0.025,0.018,1.084,4.761,2.625,3.72
49,6.977,-0.027,0.033,1.06,4.272,2.686,3.11
50,6.988,-0.054,0.015,1.084,5.188,2.991,4.21
51,6.999,-0.042,0.026,1.079,4.7,2.197,3.17
52,7.01,-0.036,0.015,1.079,4.333,2.258,3.23
53,7.021,-0.042,0.008,1.089,5.127,2.625,3.35
54,7.032,-0.048,0.019,1.078,4.089,2.502,3.35
55,7.043,-0.048,0.02,1.097,4.7,2.808,4.08
56,7.054,-0.051,0.016,1.073,4.089,2.075,3.35
57,7.065,-0.035,0.025,1.068,4.333,2.502,3.17
58,7.076,-0.059,0.016,1.083,4.089,2.869,3.6
59,7.087,-0.053,0.021,1.083,4.211,2.625,3.11
60,7.098,-0.038,0.032,1.075,4.272,2.625,3.35
61,7.109,-0.039,0.028,1.073,3.662,2.563,3.17
62,7.12,-0.041,0.022,1.083,4.089,2.808,2.86
63,7.131,-0.04,0.009,1.09,4.089,2.258,3.78
64,7.142,-0.048,0.006,1.067,4.7,2.441,3.35
65,7.153,-0.046,0.028,1.081,4.639,2.747,3.72
66,7.164,-0.037,0.021,1.071,4.883,2.808,3.17
67,7.175,-0.048,0.031,1.061,4.761,3.235,3.66
68,7.186,-0.043,0.023,1.068,4.272,2.747,2.93
69,7.197,-0.048,0.016,1.067,4.639,2.563,3.23
70,7.208,-0.043,0.028,1.073,3.723,2.869,3.54
71,7.219,-0.04,0.013,1.069,4.456,2.686,3.11
72,7.23,-0.048,0.021,1.081,4.028,2.441,2.93
73,7.241,-0.031,0.01,1.09,4.456,2.38,2.62
74,7.252,-0.035,0.028,1.075,4.211,2.869,3.72
75,7.263,-0.042,0.014,1.073,4.578,2.563,3.78
76,7.274,-0.05,0.007,1.091,4.272,2.441,3.6
77,7.285,-0.041,0.007,1.076,3.967,2.502,3.23
78,7.296,-0.038,0.029,1.078,4.333,2.563,2.93
79,7.307,-0.041,0.009,1.079,4.272,2.563,3.54
80,7.318,-0.044,0.026,1.081,3.845,2.869,2.93
81,7.329,-0.028,0.016,1.065,4.517,2.808,3.54
82,7.34,-0.038,0.003,1.078,3.906,2.625,2.86
83,7.351,-0.034,0.021,1.073,4.333,2.502,3.35
84,7.362,-0.042,0.013,1.076,4.272,2.93,3.41
85,7.373,-0.036,0.031,1.062,4.211,2.93,3.84
86,7.384,-0.037,0.021,1.063,3.479,2.502,2.86
87,7.395,-0.041,0.015,1.082,4.15,2.502,2.93
88,7.406,-0.037,0.02,1.076,4.333,3.357,3.47
89,7.417,-0.039,0.016,1.072,4.456,2.563,3.17
90,7.428,-0.043,0.017,1.05,4.7,3.113,3.72
91,7.439,-0.052,0.021,1.091,3.906,2.441,3.11
92,7.45,-0.045,0.024,1.073,4.883,2.502,3.84
93,7.461,-0.045,0.025,1.06,5.554,3.357,4.08
94,7.472,-0.035,0.027,1.094,3.967,2.441,3.84
95,7.483,-0.049,0.019,1.073,4.395,2.686,3.72
96,7.494,-0.05,0.023,1.061,4.028,2.563,3.78
97,7.505,-0.036,0.042,1.078,4.578,2.441,3.84
98,7.516,-0.039,0.015,1.059,4.028,2.869,3.11
99,7.527,-0.033,0.018,1.092,4.395,2.441,3.47
100,7.538,-0.049,0.02,1.078,4.15,2.441,3.23
101,7.549,-0.045,0.022,1.079,4.028,2.625,3.41
102,7.56,-0.045,0.009,1.077,4.272,2.319,3.23
103,7.571,-0.046,0.013,1.107,4.211,2.747,3.54
104,7.582,-0.039,0.017,1.059,4.7,2.502,3.41
105,7.593,-0.056,0.008,1.067,4.944,3.357,3.11
106,7.604,-0.042,0.017,1.068,4.883,2.686,3.72
107,7.615,-0.049,0.006,1.074,4.272,2.93,3.35
108,7.626,-0.049,0.027,1.093,4.089,2.869,3.41
109,7.637,-0.046,0.026,1.082,4.089,2.441,3.41
110,7.648,-0.041,0.022,1.067,4.456,2.991,3.84
111,7.659,-0.039,0.015,1.098,4.456,3.052,3.54
112,7.67,-0.039,0.016,1.064,4.395,2.319,3.66
113,7.681,-0.042,0.006,1.094,3.906,3.052,3.41
114,7.692,-0.051,0.012,1.071,3.906,2.014,3.17
115,7.703,-0.046,0.022,1.062,4.211,2.686,3.29
116,7.714,-0.049,0.012,1.076,3.967,2.686,3.84
117,7.725,-0.047,0.028,1.073,4.7,2.563,3.17
118,7.736,-0.037,0.019,1.079,4.333,2.869,3.66
119,7.747,-0.031,0.029,1.07,4.578,2.319,3.41
120,7.758,-0.032,0.02,1.08,4.272,2.808,3.6
121,7.769,-0.039,0.015,1.075,4.456,2.686,3.29
122,7.78,-0.046,0.002,1.093,4.517,2.686,3.54
123,7.791,-0.051,0.019,1.075,4.15,2.625,3.54
124,7.802,-0.032,0.025,1.089,3.967,2.502,3.41
125,7.813,-0.045,0.003,1.087,4.089,2.686,3.78
126,7.824,-0.038,0.017,1.084,3.967,2.93,3.47
127,7.835,-0.05,0.011,1.076,4.395,2.991,3.54
128,7.846,-0.056,0.017,1.09,4.089,2.625,3.29
129,7.857,-0.029,0.025,1.067,4.028,2.686,3.66
130,7.868,-0.046,0.013,1.078,4.211,2.441,3.23
131,7.879,-0.034,0.02,1.071,4.822,2.625,3.9
132,7.89,-0.042,0.028,1.074,4.944,2.93,3.66
133,7.901,-0.046,0.016,1.076,4.028,2.625,3.72
134,7.912,-0.035,0.018,1.067,4.211,2.686,3.23
135,7.923,-0.04,0.014,1.06,4.822,3.052,4.02
136,7.934,-0.048,0.021,1.068,4.272,2.319,3.29
137,7.945,-0.031,0.025,1.07,4.028,3.052,3.9
138,7.956,-0.039,0.023,1.085,5.066,3.235,4.02
139,7.967,-0.047,0.023,1.08,4.456,2.93,3.6
140,7.978,-0.045,0.016,1.103,4.395,2.502,3.41
141,7.989,-0.056,0.001,1.09,3.967,2.136,3.47
142,8.0,-0.054,0.019,1.071,4.272,2.747,3.29
143,8.011,-0.042,0.028,1.068,4.333,2.441,3.29
144,8.022,-0.036,0.033,1.064,4.333,2.686,3.6
145,8.033,-0.042,0.028,1.078,4.456,2.808,3.23
146,8.044,-0.046,0.028,1.072,4.395,2.502,3.66
147,8.055,-0.042,0.013,1.085,4.211,2.869,3.47
148,8.066,-0.043,0.013,1.085,4.089,2.808,3.29
149,8.077,-0.033,0.028,1.082,4.883,2.747,3.47
150,8.088,-0.031,0.027,1.068,3.967,2.625,3.11
151,8.099,-0.047,0.018,1.083,4.272,2.808,3.11
152,8.11,-0.04,0.014,1.074,4.456,2.563,3.6
153,8.121,-0.042,0.018,1.087,4.883,2.747,3.66
154,8.132,-0.049,0.024,1.077,3.662,2.502,3.54
155,8.143,-0.042,0.018,1.076,3.784,2.869,2.99
156,8.154,-0.059,0.016,1.077,4.578,2.686,3.47
157,8.165,-0.029,0.027,1.089,4.272,2.808,3.05
158,8.176,-0.046,0.016,1.084,4.089,2.441,3.35
159,8.187,-0.047,0.017,1.066,4.211,2.747,3.29
160,8.198,-0.05,0.014,1.092,4.395,2.991,3.29
161,8.209,-0.039,0.013,1.077,3.662,2.136,2.99
162,8.22,-0.035,0.027,1.061,4.456,3.052,3.17
163,8.231,-0.047,0.019,1.08,4.517,2.686,3.29
164,8.242,-0.054,0.021,1.062,4.089,2.747,3.05
165,8.253,-0.044,0.018,1.086,4.822,2.991,3.54
166,8.264,-0.042,0.017,1.082,4.578,3.113,3.78
167,8.275,-0.035,0.017,1.084,4.028,2.747,3.41
168,8.286,-0.033,0.019,1.071,4.15,2.686,3.54
169,8.297,-0.037,0.024,1.093,4.089,2.686,3.6
170,8.308,-0.041,0.025,1.081,3.418,2.625,3.41
171,8.319,-0.034,0.017,1.074,4.517,2.808,3.66
172,8.33,-0.045,0.027,1.067,4.089,2.808,3.29
173,8.341,-0.052,0.021,1.077,3.967,2.93,3.47
174,8.352,-0.041,0.019,1.089,5.005,2.869,3.54
175,8.363,-0.041,0.021,1.076,4.333,2.808,4.15
176,8.374,-0.047,0.027,1.058,4.395,2.686,3.41
177,8.385,-0.044,0.011,1.085,4.028,2.563,3.11
178,8.396,-0.048,0.016,1.053,3.845,2.747,3.17
179,8.407,-0.039,0.025,1.074,4.395,2.258,2.99
180,8.418,-0.047,0.02,1.091,4.456,2.747,3.05
181,8.429,-0.042,0.028,1.058,3.784,2.991,3.35
182,8.44,-0.031,0.015,1.075,4.639,2.808,3.9
183,8.451,-0.022,0.026,1.075,4.456,2.502,3.9
184,8.462,-0.036,0.011,1.083,3.235,2.319,3.23
185,8.473,-0.039,0.021,1.109,4.7,2.991,3.35
186,8.484,-0.037,0.012,1.095,4.395,2.686,3.17
187,8.495,-0.05,0.01,1.063,4.456,3.174,3.41
188,8.506,-0.043,0.023,1.096,4.211,2.563,3.54
189,8.517,-0.039,0.02,1.084,4.395,2.991,3.66
190,8.528,-0.042,0.02,1.06,4.211,2.136,3.54
191,8.539,-0.054,0.03,1.076,4.761,2.869,3.41
192,8.55,-0.034,0.023,1.07,4.089,2.869,3.84
193,8.561,-0.048,0.012,1.081,4.395,2.319,3.72
194,8.572,-0.032,0.022,1.093,4.211,3.113,3.11
195,8.583,-0.063,0.02,1.07,4.639,3.052,2.86
196,8.594,-0.051,0.022,1.091,3.418,2.869,3.17
197,8.605,-0.04,0.026,1.075,4.761,2.747,3.9
198,8.616,-0.048,0.026,1.049,3.845,3.052,3.23
199,8.627,-0.044,0.022,1.086,3.784,2.563,3.17
200,8.638,-0.038,0.034,1.052,4.15,2.869,3.66
201,8.649,-0.039,0.021,1.064,4.089,2.625,3.41
202,8.66,-0.03,0.015,1.081,3.906,2.747,2.8
203,8.671,-0.044,0.03,1.073,4.517,2.747,3.66
204,8.682,-0.034,0.029,1.089,3.906,2.625,3.78
205,8.693,-0.047,0.02,1.106,4.272,2.502,3.11
206,8.704,-0.052,0.03,1.076,4.089,2.625,2.8
207,8.715,-0.032,0.023,1.095,4.822,3.052,3.66
208,8.726,-0.06,0.016,1.071,4.517,2.441,3.35
209,8.737,-0.05,0.017,1.07,4.333,3.174,3.47
210,8.748,-0.045,0.015,1.067,4.395,2.502,3.35
211,8.759,-0.051,0.028,1.067,4.15,2.869,3.54
212,8.77,-0.043,0.017,1.075,4.211,2.502,3.29
213,8.781,-0.043,0.03,1.065,4.211,2.014,3.35
214,8.792,-0.047,0.003,1.088,3.723,2.38,3.35
215,8.803,-0.053,0.018,1.084,3.906,2.38,3.54
216,8.814,-0.047,0.016,1.079,3.601,2.136,3.41
217,8.825,-0.044,0.025,1.071,3.784,2.808,3.29
218,8.836,-0.051,0.009,1.072,4.395,2.625,3.72
219,8.847,-0.05,0.025,1.067,3.967,2.38,3.66
220,8.858,-0.03,0.032,1.062,4.456,2.808,3.84
221,8.869,-0.054,0.025,1.081,4.456,2.563,3.54
222,8.88,-0.05,0.017,1.09,4.822,2.93,3.72
223,8.891,-0.038,0.018,1.101,4.272,2.319,3.05
224,8.902,-0.03,0.023,1.072,4.944,2.686,3.6
225,8.913,-0.033,0.029,1.088,4.822,2.686,3.35
226,8.924,-0.041,0.034,1.068,4.456,2.625,3.9
227,8.935,-0.042,0.019,1.059,4.639,2.319,3.41
228,8.946,-0.045,0.01,1.078,4.395,2.563,3.41
229,8.957,-0.03,0.017,1.062,4.395,2.563,3.96
230,8.968,-0.052,0.023,1.075,4.15,2.869,3.23
231,8.979,-0.046,-0.006,1.083,4.517,2.319,3.11
232,8.99,-0.049,0.023,1.083,5.127,2.686,3.47
233,9.001,-0.052,0.011,1.086,4.822,2.808,3.78
234,9.012,-0.048,-0.0,1.084,4.15,2.686,3.72
235,9.023,-0.042,0.022,1.089,4.822,2.686,3.6
236,9.034,-0.045,0.025,1.078,4.7,2.747,3.17
237,9.045,-0.031,0.016,1.07,4.333,2.625,3.11
238,9.056,-0.042,0.029,1.078,4.028,2.502,3.11
239,9.067,-0.054,0.02,1.081,4.028,2.502,3.29
240,9.078,-0.037,0.024,1.066,4.15,2.747,3.11
241,9.089,-0.061,0.01,1.085,4.211,2.625,3.6
242,9.1,-0.048,0.004,1.085,4.211,2.258,3.17
243,9.111,-0.048,0.018,1.073,4.15,2.502,3.17
244,9.122,-0.037,0.022,1.083,4.395,2.38,3.05
245,9.133,-0.031,0.024,1.058,3.784,2.502,2.99
246,9.144,-0.04,0.031,1.066,4.211,2.686,3.17
247,9.155,-0.045,0.019,1.068,4.211,2.625,3.17
248,9.166,-0.038,0.021,1.063,4.639,3.113,3.78
249,9.177,-0.047,0.023,1.062,3.967,2.563,2.8
250,9.188,-0.038,0.011,1.093,4.272,2.747,3.9
251,9.199,-0.04,0.028,1.088,3.845,2.991,3.78
252,9.21,-0.044,0.023,1.065,4.517,2.197,3.41
253,9.221,-0.04,0.016,1.084,4.272,2.136,3.54
254,9.232,-0.035,0.031,1.08,3.967,2.686,3.23
255,9.243,-0.045,0.015,1.083,4.028,2.319,3.17
256,9.254,-0.042,0.016,1.073,4.272,2.563,3.47
257,9.265,-0.049,0.028,1.057,4.211,2.869,3.05
258,9.276,-0.029,0.029,1.092,4.456,2.625,3.54
259,9.287,-0.061,0.016,1.093,4.089,2.502,3.66
260,9.298,-0.039,0.028,1.059,4.7,2.502,3.66
261,9.309,-0.03,0.021,1.061,4.395,2.38,2.8
262,9.32,-0.036,0.019,1.074,3.784,2.441,3.41
263,9.331,-0.035,0.022,1.08,3.967,2.686,2.56
264,9.342,-0.039,0.012,1.074,4.089,2.136,3.11
265,9.353,-0.033,0.033,1.058,4.456,2.686,3.17
266,9.364,-0.038,0.001,1.076,4.089,2.93,3.78
267,9.375,-0.059,0.026,1.085,4.089,2.686,3.54
268,9.386,-0.05,0.018,1.06,4.395,3.052,3.47
269,9.397,-0.034,0.015,1.102,4.395,2.991,3.72
270,9.408,-0.045,-0.002,1.09,4.456,2.808,3.47
271,9.419,-0.051,0.019,1.083,3.662,2.686,3.11
272,9.43,-0.033,0.025,1.093,4.211,2.625,2.93
273,9.441,-0.052,0.013,1.084,4.211,2.991,3.6
274,9.452,-0.037,0.025,1.059,3.967,2.502,3.96
275,9.463,-0.047,0.019,1.081,4.333,2.747,3.23
276,9.474,-0.071,0.019,1.065,4.15,2.747,3.47
277,9.485,-0.037,0.029,1.075,4.211,2.563,3.17
278,9.496,-0.043,0.019,1.091,4.578,2.747,3.6
279,9.507,-0.049,0.0,1.076,3.723,2.563,3.23
280,9.518,-0.042,0.009,1.087,4.272,2.869,3.41
281,9.529,-0.06,0.013,1.086,4.272,2.93,3.47
282,9.54,-0.037,0.017,1.097,3.967,2.625,3.11
283,9.551,-0.032,0.03,1.074,4.395,2.441,3.17
284,9.562,-0.029,0.028,1.065,4.272,2.563,3.6
285,9.573,-0.046,0.022,1.062,4.7,2.502,3.54
286,9.584,-0.036,0.021,1.092,4.211,2.625,3.17
287,9.595,-0.046,0.012,1.084,4.272,2.441,3.47
288,9.606,-0.047,0.014,1.083,4.15,2.441,3.17
289,9.617,-0.039,0.021,1.088,4.272,2.686,3.41
290,9.628,-0.045,0.013,1.073,4.272,2.991,3.47
291,9.639,-0.042,0.012,1.08,3.845,2.502,3.35
292,9.65,-0.058,0.02,1.084,3.723,2.563,3.41
293,9.661,-0.052,0.009,1.058,4.578,2.686,3.41
294,9.672,-0.033,0.027,1.068,4.456,2.686,3.35
295,9.683,-0.049,0.017,1.072,4.395,2.747,3.17
296,9.694,-0.054,0.024,1.062,3.723,2.319,3.23
297,9.705,-0.039,0.02,1.075,3.967,2.258,3.47
298,9.716,-0.028,0.018,1.084,4.578,2.747,3.29
299,9.727,-0.043,0.026,1.072,4.822,3.052,3.6
300,9.738,-0.048,0.024,1.093,4.517,2.869,3.54
301,9.749,-0.048,0.014,1.084,4.578,2.563,3.47
302,9.76,-0.052,0.023,1.077,4.456,2.563,2.93
303,9.771,-0.04,0.034,1.083,4.333,2.38,3.11
304,9.782,-0.049,0.026,1.045,4.028,2.747,3.29
305,9.793,-0.049,0.011,1.079,4.15,2.563,3.6
306,9.804,-0.037,0.023,1.097,4.639,2.808,3.23
307,9.815,-0.044,0.017,1.077,4.333,2.075,3.72
308,9.826,-0.043,0.016,1.067,4.089,2.991,3.54
309,9.837,-0.031,0.019,1.073,3.235,2.38,3.05
310,9.848,-0.052,0.019,1.073,4.089,2.625,2.99
311,9.859,-0.046,0.023,1.068,4.211,2.319,3.72
312,9.87,-0.055,0.03,1.072,4.089,2.441,3.41
313,9.881,-0.039,0.027,1.072,3.906,2.319,3.05
314,9.892,-0.043,0.006,1.096,4.211,2.93,3.29
315,9.903,-0.037,0.031,1.098,4.639,2.625,3.41
316,9.914,-0.039,0.013,1.063,4.333,2.625,3.54
317,9.925,-0.023,0.022,1.094,3.967,2.747,3.78
318,9.936,-0.037,0.033,1.092,4.272,2.808,3.54
319,9.947,-0.044,0.01,1.078,4.272,2.625,3.35
320,9.958,-0.054,0.019,1.07,4.761,2.808,3.72
321,9.969,-0.048,0.03,1.066,4.456,2.441,3.11
322,9.98,-0.044,0.022,1.06,4.578,2.625,3.41
323,9.991,-0.042,0.036,1.07,4.456,2.808,3.54
324,10.002,-0.038,0.017,1.068,4.028,2.747,3.47
325,10.013,-0.037,0.019,1.074,4.639,2.93,3.17
326,10.024,-0.041,0.022,1.091,4.15,2.502,3.66
327,10.035,-0.043,0.007,1.076,4.089,2.319,3.54
328,10.046,-0.044,0.021,1.068,4.211,2.38,3.41
329,10.057,-0.038,0.019,1.085,4.517,2.869,3.72
330,10.068,-0.032,0.007,1.06,4.333,2.258,3.23
331,10.079,-0.038,0.034,1.081,4.395,2.38,3.41
332,10.09,-0.038,0.023,1.062,4.15,2.441,3.29
333,10.101,-0.037,0.021,1.055,4.7,2.747,3.72
334,10.112,-0.035,0.024,1.085,3.906,2.563,3.29
335,10.123,-0.06,0.013,1.084,4.578,2.747,3.9
336,10.134,-0.046,0.015,1.082,4.15,2.563,3.29
337,10.145,-0.046,0.008,1.107,4.089,2.869,3.05
338,10.156,-0.053,0.005,1.088,4.028,2.625,3.41
339,10.167,-0.053,0.018,1.089,4.089,2.625,2.93
340,10.178,-0.033,0.028,1.059,4.822,2.441,4.02
341,10.189,-0.04,0.022,1.065,3.906,2.563,3.23
342,10.2,-0.027,0.024,1.074,4.517,2.38,3.54
343,10.211,-0.044,0.013,1.091,4.456,2.441,3.54
344,10.222,-0.033,0.013,1.068,4.028,2.625,3.23
345,10.233,-0.047,0.014,1.086,4.028,2.441,3.35
346,10.244,-0.043,0.014,1.074,3.967,2.625,2.86
347,10.255,-0.032,0.017,1.073,4.028,2.625,3.78
348,10.266,-0.052,0.019,1.074,3.845,2.625,3.35
349,10.277,-0.034,0.023,1.075,4.395,3.357,3.9
350,10.288,-0.052,0.033,1.083,3.967,2.869,2.93
351,10.299,-0.045,0.026,1.087,3.662,2.991,3.84
352,10.31,-0.054,0.019,1.07,4.272,2.075,3.35
353,10.321,-0.05,0.025,1.083,4.211,2.625,3.17
354,10.332,-0.035,0.022,1.091,3.906,2.625,3.35
355,10.343,-0.043,0.016,1.086,3.723,2.747,3.54
356,10.354,-0.054,0.023,1.074,4.028,2.502,3.35
357,10.365,-0.052,0.016,1.092,4.211,2.441,3.35
358,10.376,-0.043,0.022,1.068,4.211,2.747,3.72
359,10.387,-0.045,0.022,1.065,4.089,2.441,3.29
360,10.398,-0.037,0.03,1.063,4.028,2.38,2.99
361,10.409,-0.044,0.017,1.062,4.639,2.93,3.47
362,10.42,-0.043,0.024,1.057,4.272,2.686,3.84
363,10.431,-0.046,0.015,1.083,5.005,2.93,3.6
364,10.442,-0.05,0.017,1.085,4.028,2.625,3.35
365,10.453,-0.044,0.009,1.085,4.456,2.686,3.47
366,10.464,-0.055,0.025,1.082,4.7,2.686,3.54
367,10.475,-0.045,0.01,1.08,4.761,2.747,3.17
368,10.486,-0.052,0.026,1.08,4.333,2.258,3.78
369,10.497,-0.039,0.04,1.05,4.517,2.625,3.54
370,10.508,-0.056,0.01,1.07,4.211,2.38,2.99
371,10.519,-0.048,0.02,1.093,3.845,2.502,3.66
372,10.53,-0.05,0.022,1.065,4.578,2.808,3.54
373,10.541,-0.041,0.025,1.086,4.7,2.502,3.35
374,10.552,-0.045,0.013,1.068,4.7,2.258,3.05
375,10.563,-0.052,0.019,1.079,4.517,2.441,3.11
376,10.574,-0.039,0.023,1.082,4.333,2.502,3.72
377,10.585,-0.046,0.019,1.064,4.822,2.93,3.47
378,10.596,-0.039,0.023,1.084,4.272,2.808,3.35
379,10.607,-0.03,0.035,1.053,3.906,2.563,3.47
380,10.618,-0.037,0.032,1.065,4.395,2.563,3.78
381,10.629,-0.06,0.02,1.067,4.7,2.625,3.29
382,10.64,-0.045,0.021,1.082,4.089,2.686,3.47
383,10.651,-0.039,0.013,1.077,3.54,2.319,3.17
384,10.662,-0.043,0.026,1.07,4.395,2.625,3.72
385,10.673,-0.041,0.026,1.08,3.723,2.38,3.54
386,10.684,-0.044,0.035,1.08,3.967,2.808,3.23
387,10.695,-0.024,0.031,1.073,4.517,3.113,3.9
388,10.706,-0.044,0.033,1.066,4.395,2.747,2.99
389,10.717,-0.049,0.023,1.064,5.005,3.357,3.6
390,10.728,-0.035,0.023,1.078,4.456,3.113,3.47
391,10.739,-0.042,0.027,1.07,4.272,2.563,3.29
392,10.75,-0.051,0.012,1.068,4.272,2.502,3.29
393,10.761,-0.044,0.025,1.076,4.211,2.991,3.47
394,10.772,-0.04,0.03,1.084,4.578,2.686,2.93
395,10.783,-0.036,0.024,1.078,4.028,2.747,3.78
396,10.794,-0.054,0.026,1.078,4.639,2.563,3.47
397,10.805,-0.039,0.016,1.08,4.395,2.747,3.41
398,10.816,-0.053,0.01,1.089,3.723,2.563,3.23
399,10.827,-0.044,0.032,1.08,4.028,2.441,3.29
400,10.838,-0.043,0.027,1.085,4.272,2.502,3.35
401,10.849,-0.047,0.016,1.093,4.517,3.052,3.47
402,10.86,-0.039,0.019,1.076,4.395,2.808,2.99
403,10.871,-0.033,0.019,1.071,4.456,2.808,3.6
404,10.882,-0.039,0.02,1.075,3.418,2.258,3.11
405,10.893,-0.047,0.025,1.061,4.333,2.808,3.41
406,10.904,-0.039,0.025,1.061,3.906,2.869,3.35
407,10.915,-0.046,0.022,1.074,4.272,2.441,3.23
408,10.926,-0.047,0.021,1.066,3.845,2.136,3.17
409,10.937,-0.047,0.022,1.074,3.296,2.991,3.05
410,10.948,-0.038,0.02,1.081,4.883,2.258,3.29
411,10.959,-0.057,0.029,1.079,4.456,3.113,2.99
412,10.97,-0.046,0.0,1.089,4.211,2.747,3.66
413,10.981,-0.058,0.012,1.084,4.272,2.502,3.6
414,10.992,-0.042,0.02,1.088,4.211,2.502,3.17
415,11.003,-0.055,0.025,1.071,4.272,2.136,3.35
416,11.014,-0.04,0.027,1.08,3.662,2.563,3.29
417,11.025,-0.03,0.019,1.068,3.845,2.502,3.17
418,11.036,-0.055,0.017,1.08,4.028,2.38,3.35
419,11.047,-0.046,0.025,1.075,4.456,2.869,3.47
420,11.058,-0.049,0.022,1.081,4.578,2.686,3.23
421,11.069,-0.038,0.014,1.08,4.456,2.991,3.17
422,11.08,-0.055,0.015,1.092,4.089,2.747,3.05
423,11.091,-0.045,0.021,1.072,4.211,2.502,3.29
424,11.102,-0.038,0.023,1.086,4.639,2.991,3.66
425,11.113,-0.039,0.027,1.07,4.7,2.197,3.35
426,11.124,-0.046,0.028,1.066,4.211,2.808,3.41
427,11.135,-0.046,0.024,1.063,4.15,2.563,3.66
428,11.146,-0.036,0.006,1.079,4.272,2.502,3.47
429,11.157,-0.055,0.035,1.066,3.784,2.625,3.54
430,11.168,-0.046,0.018,1.094,3.54,2.625,3.11
431,11.179,-0.047,0.018,1.069,3.662,2.258,2.86
432,11.19,-0.042,0.024,1.094,4.272,2.747,3.29
433,11.201,-0.045,0.021,1.086,4.578,2.441,2.86
434,11.212,-0.028,0.023,1.083,4.028,2.686,3.47
435,11.223,-0.049,0.011,1.08,4.456,2.808,3.47
436,11.234,-0.047,0.027,1.072,4.395,2.93,3.23
437,11.245,-0.051,0.02,1.068,4.089,2.38,3.6
438,11.256,-0.056,0.038,1.078,4.333,2.686,3.66
439,11.267,-0.05,0.018,1.093,3.906,2.93,3.41
440,11.278,-0.043,0.018,1.062,5.066,2.319,3.29
441,11.289,-0.053,0.027,1.08,3.906,2.625,3.6
442,11.3,-0.045,0.023,1.053,4.333,2.869,3.84
443,11.311,-0.042,0.024,1.06,4.333,3.113,3.66
444,11.322,-0.037,0.021,1.059,3.906,2.747,3.66
445,11.333,-0.03,0.017,1.083,3.967,2.686,3.6
446,11.344,-0.055,0.027,1.062,4.333,2.563,3.17
447,11.355,-0.034,0.016,1.076,4.639,3.235,3.41
448,11.366,-0.038,0.014,1.072,4.395,2.686,3.35
449,11.377,-0.056,0.007,1.09,3.784,2.808,3.41
450,11.388,-0.037,0.018,1.076,4.15,2.625,3.17
451,11.399,-0.032,0.007,1.088,3.906,2.686,2.86
452,11.41,-0.041,0.022,1.085,4.395,2.625,3.54
453,11.421,-0.044,0.028,1.062,3.784,2.441,3.35
454,11.432,-0.033,0.025,1.059,4.089,2.441,3.47
455,11.443,-0.032,0.022,1.096,3.967,2.38,3.29
456,11.454,-0.033,0.01,1.067,3.845,2.747,3.72
457,11.465,-0.049,0.025,1.047,3.967,2.747,3.84
458,11.476,-0.034,0.021,1.1,4.517,2.502,3.23
459,11.487,-0.043,0.017,1.087,4.272,2.808,3.41
460,11.498,-0.053,0.012,1.08,3.723,2.625,3.47
461,11.509,-0.051,0.019,1.084,4.028,2.625,3.54
462,11.52,-0.043,0.024,1.068,4.028,2.747,3.35
463,11.531,-0.048,0.02,1.079,4.456,2.991,3.47
464,11.542,-0.043,0.033,1.082,4.089,2.136,3.17
465,11.553,-0.051,0.013,1.062,4.15,2.502,3.72
466,11.564,-0.042,0.019,1.068,4.395,2.747,3.17
467,11.575,-0.051,0.018,1.088,4.089,2.625,3.47
468,11.586,-0.051,0.023,1.084,4.272,2.747,3.29
469,11.597,-0.045,0.021,1.088,4.395,2.441,3.72
470,11.608,-0.053,0.019,1.096,4.761,2.869,3.11
471,11.619,-0.03,0.02,1.064,4.089,3.296,3.29
472,11.63,-0.035,0.019,1.069,4.089,2.686,3.6
473,11.641,-0.048,0.018,1.055,4.028,2.747,3.23
474,11.652,-0.038,0.029,1.059,4.028,2.808,3.9
475,11.663,-0.038,0.036,1.081,3.723,2.258,3.35
476,11.674,-0.041,0.034,1.083,4.639,2.808,3.23
477,11.685,-0.068,0.014,1.068,4.456,2.747,2.93
478,11.696,-0.044,0.001,1.083,4.272,2.686,3.6
479,11.707,-0.042,0.026,1.082,4.517,2.686,3.66
480,11.718,-0.041,0.027,1.09,4.639,2.686,3.47
481,11.729,-0.052,0.028,1.076,4.211,2.502,3.84
482,11.74,-0.033,0.015,1.098,4.089,2.686,3.35
483,11.751,-0.05,0.025,1.083,3.784,2.502,3.47
484,11.762,-0.036,0.027,1.081,4.15,2.869,3.47
485,11.773,-0.044,0.03,1.076,4.089,2.258,3.47
486,11.784,-0.051,0.018,1.063,4.333,2.93,3.35
487,11.795,-0.039,0.021,1.079,4.272,2.258,3.47
488,11.806,-0.04,0.027,1.092,4.944,2.869,3.6
489,11.817,-0.047,0.018,1.098,4.272,2.747,3.29
490,11.828,-0.045,0.015,1.069,4.944,2.747,3.11
491,11.839,-0.051,0.03,1.053,3.662,2.563,3.54
492,11.85,-0.048,0.028,1.072,4.822,2.93,3.78
493,11.861,-0.054,0.001,1.074,4.028,2.563,3.54
494,11.872,-0.042,0.024,1.077,4.028,2.441,3.54
495,11.883,-0.049,0.023,1.084,4.456,2.625,3.35
496,11.894,-0.048,0.031,1.083,4.7,2.808,3.47
497,11.905,-0.038,0.027,1.067,4.028,2.441,3.23
498,11.916,-0.037,0.021,1.072,3.784,2.563,3.78
499,11.927,-0.025,0.024,1.075,3.845,3.052,3.6
500,11.938,-0.035,0.019,1.075,4.639,2.747,3.84
501,11.949,-0.039,0.012,1.077,3.906,2.686,3.35
502,11.96,-0.037,0.016,1.053,4.395,2.747,3.6
503,11.971,-0.051,0.023,1.069,4.333,2.38,2.8
504,11.982,-0.044,0.031,1.076,5.066,2.93,3.66
505,11.993,-0.042,0.019,1.062,3.601,2.502,3.47
506,12.004,-0.044,0.028,1.083,4.456,2.747,3.72
507,12.015,-0.038,0.014,1.087,4.333,2.869,3.6
508,12.026,-0.043,0.013,1.076,4.211,2.563,3.47
509,12.037,-0.048,0.015,1.073,4.15,2.686,3.11
510,12.048,-0.042,0.027,1.089,3.906,2.625,3.35
511,12.059,-0.042,0.005,1.097,4.272,2.686,3.9
512,12.07,-0.035,0.03,1.062,4.639,2.563,3.41
513,12.081,-0.033,0.023,1.077,4.15,2.93,3.11
514,12.092,-0.046,0.02,1.088,4.517,2.686,3.23
515,12.103,-0.04,0.024,1.072,4.333,2.747,3.47
516,12.114,-0.042,0.012,1.076,3.967,2.747,3.78
517,12.125,-0.041,0.028,1.093,4.272,2.808,3.66
518,12.136,-0.038,0.027,1.089,3.967,2.563,3.66
519,12.147,-0.039,0.019,1.07,4.211,2.625,3.47
520,12.158,-0.045,0.014,1.071,4.211,2.686,3.29
521,12.169,-0.039,0.012,1.074,3.845,2.502,3.17
522,12.18,-0.035,0.019,1.079,4.028,2.136,2.99
523,12.191,-0.035,0.016,1.076,4.7,2.625,3.54
524,12.202,-0.048,0.015,1.078,4.578,3.174,3.47
525,12.213,-0.046,0.027,1.072,4.272,2.441,3.41
526,12.224,-0.035,0.021,1.08,4.15,2.869,3.66
527,12.235,-0.045,0.017,1.094,4.761,2.93,3.41
528,12.246,-0.043,0.032,1.075,3.906,2.93,3.41
529,12.257,-0.05,0.016,1.069,3.784,2.319,3.35
530,12.268,-0.05,0.016,1.075,4.822,2.625,3.66
531,12.279,-0.056,0.026,1.068,4.333,3.174,3.47
532,12.29,-0.043,0.038,1.063,4.395,2.747,3.17
533,12.301,-0.048,0.012,1.093,4.333,3.052,3.35
534,12.312,-0.051,0.021,1.071,4.028,2.258,3.41
535,12.323,-0.036,0.027,1.059,4.578,2.93,3.66
536,12.334,-0.038,0.023,1.085,3.845,2.502,3.35
537,12.345,-0.041,0.03,1.068,4.517,2.441,3.6
538,12.356,-0.046,0.013,1.078,3.967,2.319,3.35
539,12.367,-0.055,0.023,1.07,4.761,2.686,3.35
540,12.378,-0.045,0.025,1.067,4.211,2.625,3.72
541,12.389,-0.044,0.03,1.057,4.578,2.93,3.6
542,12.4,-0.045,0.03,1.088,4.089,2.38,3.54
543,12.411,-0.048,0.019,1.064,3.845,2.686,3.47
544,12.422,-0.045,0.014,1.075,3.784,2.38,3.05
545,12.433,-0.036,0.026,1.086,4.639,2.686,3.84
546,12.444,-0.033,0.018,1.068,4.089,2.258,3.35
547,12.455,-0.037,0.017,1.069,3.906,2.686,3.54
548,12.466,-0.033,0.006,1.092,3.418,2.625,3.41
549,12.477,-0.042,0.016,1.075,4.272,2.747,3.41
550,12.488,-0.062,0.005,1.078,4.15,2.319,3.23
551,12.499,-0.042,0.018,1.067,4.395,2.563,3.23
552,12.51,-0.045,0.009,1.07,3.54,2.319,3.29
553,12.521,-0.035,0.023,1.075,3.967,2.563,3.11
554,12.532,-0.047,0.017,1.079,3.784,2.808,3.66
555,12.543,-0.044,0.013,1.086,3.906,2.686,3.05
556,12.554,-0.054,0.018,1.088,3.723,2.441,2.8
557,12.565,-0.047,0.022,1.05,4.211,2.93,3.05
558,12.576,-0.054,0.018,1.092,4.089,2.441,3.29
559,12.587,-0.037,0.021,1.072,4.333,2.991,3.54
560,12.598,-0.051,0.01,1.075,4.211,2.258,3.17
561,12.609,-0.05,0.02,1.069,4.089,2.625,3.84
562,12.62,-0.048,0.013,1.086,3.906,2.441,3.35
563,12.631,-0.038,0.013,1.094,4.822,2.869,3.47
564,12.642,-0.053,0.023,1.081,4.517,2.441,3.78
565,12.653,-0.038,0.022,1.085,4.211,2.563,3.72
566,12.664,-0.043,0.01,1.09,4.211,2.991,3.6
567,12.675,-0.041,0.014,1.069,4.7,2.93,3.6
568,12.686,-0.052,0.015,1.078,4.517,2.808,3.72
569,12.697,-0.04,0.015,1.085,4.578,2.563,3.72
570,12.708,-0.043,0.027,1.091,4.089,2.686,3.23
571,12.719,-0.038,0.028,1.069,3.723,2.625,3.29
572,12.73,-0.043,0.02,1.062,4.456,2.93,3.66
573,12.741,-0.039,0.024,1.07,4.761,2.258,3.05
574,12.752,-0.032,0.006,1.091,4.089,2.747,3.11
575,12.763,-0.042,0.016,1.075,4.517,2.38,3.66
576,12.774,-0.053,0.016,1.093,4.15,2.808,3.47
577,12.785,-0.038,0.027,1.089,3.662,2.686,3.29
578,12.796,-0.029,0.02,1.063,4.517,2.502,3.66
579,12.807,-0.041,0.018,1.06,4.089,2.319,3.23
580,12.818,-0.059,0.022,1.083,4.089,2.136,2.99
581,12.829,-0.038,0.019,1.072,4.456,2.808,3.41
582,12.84,-0.041,0.016,1.085,4.089,2.625,3.17
583,12.851,-0.048,0.006,1.081,4.333,2.93,3.05
584,12.862,-0.052,0.015,1.082,4.333,2.441,3.41
585,12.873,-0.046,0.007,1.084,4.15,2.747,3.11
586,12.884,-0.044,0.02,1.068,4.517,2.869,3.72
587,12.895,-0.056,0.002,1.057,3.845,3.052,2.99
588,12.906,-0.049,0.026,1.085,4.089,2.625,3.17
589,12.917,-0.048,0.03,1.074,4.7,2.93,3.29
590,12.928,-0.048,0.019,1.067,4.089,2.686,3.72
591,12.939,-0.049,0.015,1.074,4.15,2.808,3.11
592,12.95,-0.044,0.026,1.082,4.517,2.869,3.47
593,12.961,-0.041,0.028,1.074,4.395,2.991,3.29
594,12.972,-0.046,0.029,1.067,4.15,2.808,2.99
595,12.983,-0.053,0.021,1.08,4.517,2.625,3.17
596,12.994,-0.048,0.021,1.081,5.005,2.808,3.6
597,13.005,-0.055,0.015,1.067,4.578,2.625,3.47
598,13.016,-0.04,0.027,1.062,3.967,3.052,3.84
599,13.027,-0.054,0.026,1.076,4.7,2.869,3.54
600,13.038,-0.051,0.019,1.071,4.578,2.869,3.6
601,13.049,-0.033,0.032,1.064,4.272,2.869,3.23
602,13.06,-0.05,0.021,1.096,4.272,2.319,2.99
603,13.071,-0.052,0.013,1.083,4.944,2.869,3.29
604,13.082,-0.043,0.004,1.082,4.333,2.686,3.78
605,13.093,-0.046,0.02,1.073,4.028,2.136,3.47
606,13.104,-0.039,0.013,1.079,4.333,2.93,3.66
607,13.115,-0.049,0.028,1.07,4.089,2.625,3.41
608,13.126,-0.044,0.016,1.08,4.272,2.808,3.29
609,13.137,-0.052,0.018,1.085,4.517,2.563,3.96
610,13.148,-0.047,0.021,1.079,4.333,2.686,3.54
611,13.159,-0.041,0.009,1.09,3.967,2.502,3.47
612,13.17,-0.042,0.016,1.07,4.517,2.502,3.35
613,13.181,-0.034,0.011,1.098,3.845,2.747,3.11
614,13.192,-0.04,0.012,1.092,3.113,2.319,3.05
615,13.203,-0.035,0.025,1.069,3.967,2.38,3.35
616,13.214,-0.051,0.021,1.065,4.211,2.319,3.17
617,13.225,-0.039,0.021,1.062,4.15,2.625,3.54
618,13.236,-0.048,0.024,1.058,4.272,2.563,3.47
619,13.247,-0.043,0.017,1.063,4.578,2.502,3.35
620,13.258,-0.048,0.028,1.083,4.517,2.808,3.29
621,13.269,-0.052,0.014,1.075,3.723,2.747,2.99
622,13.28,-0.043,0.027,1.074,3.723,2.319,3.17
623,13.291,-0.037,0.029,1.071,4.15,2.441,3.11
624,13.302,-0.042,0.012,1.103,4.089,2.869,3.23
625,13.313,-0.034,0.011,1.081,4.15,2.563,3.6
626,13.324,-0.06,0.024,1.081,4.517,2.502,2.74
627,13.335,-0.048,0.021,1.089,4.395,2.93,3.84
628,13.346,-0.053,0.014,1.075,3.906,2.502,3.41
629,13.357,-0.038,0.024,1.058,4.028,2.747,2.99
630,13.368,-0.047,0.023,1.079,3.906,2.747,3.47
631,13.379,-0.033,0.015,1.076,4.272,2.625,3.6
632,13.39,-0.036,0.026,1.083,3.784,2.808,3.41
633,13.401,-0.041,0.03,1.084,3.906,2.563,3.17
634,13.412,-0.045,0.027,1.074,4.822,2.991,3.11
635,13.423,-0.035,0.029,1.064,4.211,2.258,3.11
636,13.434,-0.034,0.011,1.054,4.456,2.686,3.54
637,13.445,-0.044,0.015,1.078,4.15,2.319,3.54
638,13.456,-0.043,0.024,1.082,4.822,2.563,2.93
639,13.467,-0.05,0.032,1.054,4.15,2.625,2.86
640,13.478,-0.04,0.019,1.098,3.601,2.258,3.35
641,13.489,-0.062,0.008,1.093,4.211,2.686,3.54
642,13.5,-0.046,0.019,1.081,4.15,2.686,3.23
643,13.511,-0.038,0.022,1.091,4.456,2.991,4.02
644,13.522,-0.045,0.02,1.093,4.822,3.052,3.6
645,13.533,-0.046,0.026,1.078,4.089,2.747,3.54
646,13.544,-0.041,0.02,1.066,3.906,2.625,3.17
647,13.555,-0.059,0.022,1.091,4.456,2.441,3.11
648,13.566,-0.042,0.018,1.087,4.211,2.808,3.66
649,13.577,-0.046,0.025,1.077,4.15,2.502,3.41
650,13.588,-0.062,0.013,1.075,4.211,2.686,3.29
651,13.599,-0.039,0.021,1.086,4.517,2.38,3.11
652,13.61,-0.035,0.013,1.073,4.7,2.747,3.6
653,13.621,-0.041,0.014,1.063,4.333,2.686,3.23
654,13.632,-0.046,0.015,1.082,3.845,2.136,2.99
655,13.643,-0.038,0.017,1.075,4.395,2.869,2.99
656,13.654,-0.047,0.02,1.078,4.578,2.808,3.54
657,13.665,-0.038,0.015,1.06,4.15,2.502,3.54
658,13.676,-0.03,0.029,1.062,4.517,2.441,3.66
659,13.687,-0.048,0.023,1.089,3.906,2.441,3.29
660,13.698,-0.048,0.026,1.082,3.967,2.808,3.41
661,13.709,-0.047,0.009,1.061,3.723,2.38,3.6
662,13.72,-0.035,0.019,1.094,3.784,2.686,3.05
663,13.731,-0.049,0.017,1.103,4.456,2.625,3.66
664,13.742,-0.041,0.021,1.086,4.456,2.808,3.72
665,13.753,-0.05,0.022,1.056,4.028,2.686,2.86
666,13.764,-0.045,0.025,1.08,4.089,2.686,3.05
667,13.775,-0.044,0.018,1.078,3.723,2.319,2.93
668,13.786,-0.04,0.025,1.074,4.395,2.38,3.47
669,13.797,-0.042,0.039,1.077,3.601,2.808,3.11
670,13.808,-0.048,0.021,1.071,4.272,3.052,3.11
671,13.819,-0.048,0.023,1.058,4.517,2.93,3.6
672,13.83,-0.047,0.015,1.088,3.784,2.319,3.41
673,13.841,-0.047,0.009,1.074,3.662,2.625,3.9
674,13.852,-0.037,0.009,1.084,4.578,2.197,3.47
675,13.863,-0.032,0.033,1.067,3.723,2.38,3.23
676,13.874,-0.037,0.03,1.065,4.578,2.38,3.35
677,13.885,-0.045,0.014,1.082,3.723,2.319,3.11
678,13.896,-0.041,0.02,1.076,4.15,2.625,3.6
679,13.907,-0.043,0.044,1.084,4.395,2.747,2.99
680,13.918,-0.045,0.022,1.092,4.028,2.258,2.99
681,13.929,-0.035,0.005,1.082,4.456,2.38,3.66
682,13.94,-0.042,0.027,1.078,4.333,2.502,2.8
683,13.951,-0.04,0.018,1.083,4.639,3.113,3.6
684,13.962,-0.031,0.023,1.075,3.967,2.502,3.54
685,13.973,-0.052,0.023,1.072,4.333,2.869,3.05
686,13.984,-0.046,-0.001,1.108,4.089,2.686,3.47
687,13.995,-0.05,0.019,1.066,3.906,2.441,3.05
688,14.006,-0.047,0.017,1.071,4.028,2.319,3.35
689,14.017,-0.041,0.021,1.084,4.272,2.808,3.66
690,14.028,-0.051,0.017,1.1,3.845,2.319,3.54
691,14.039,-0.052,0.021,1.062,3.906,2.319,3.66
692,14.05,-0.029,0.021,1.075,3.906,2.014,3.41
693,14.061,-0.045,0.014,1.069,4.395,2.441,2.8
694,14.072,-0.043,0.027,1.061,4.517,2.258,2.93
695,14.083,-0.049,0.022,1.066,4.456,2.502,3.47
696,14.094,-0.051,0.008,1.058,3.906,2.686,3.11
697,14.105,-0.049,0.024,1.094,4.333,2.747,3.17
698,14.116,-0.042,0.007,1.091,4.333,2.747,3.84
699,14.127,-0.041,0.017,1.089,4.639,2.93,3.9
700,14.138,-0.034,0.013,1.054,3.967,2.686,3.29
701,14.149,-0.044,0.026,1.087,4.272,2.808,3.11
702,14.16,-0.04,0.038,1.074,4.517,2.686,3.41
703,14.171,-0.045,0.011,1.06,4.822,3.296,3.9
704,14.182,-0.041,0.019,1.104,4.211,2.625,3.23
705,14.193,-0.042,0.025,1.073,3.845,2.319,3.66
706,14.204,-0.042,0.008,1.078,4.089,2.93,3.11
707,14.215,-0.032,0.031,1.056,4.395,2.258,3.54
708,14.226,-0.05,0.018,1.089,4.089,2.747,3.6
709,14.237,-0.058,0.016,1.102,4.395,2.563,3.23
710,14.248,-0.034,0.022,1.09,4.211,2.869,3.35
711,14.259,-0.045,0.014,1.078,3.906,2.502,3.23
712,14.27,-0.042,0.023,1.086,4.089,2.319,3.29
713,14.281,-0.046,0.02,1.057,3.296,2.686,3.54
714,14.292,-0.056,0.014,1.068,3.906,2.991,3.41
715,14.303,-0.033,0.018,1.078,4.15,3.113,3.29
716,14.314,-0.049,0.02,1.087,3.723,2.38,3.29
717,14.325,-0.049,0.023,1.065,4.211,2.502,3.54
718,14.336,-0.042,0.009,1.091,4.272,2.93,3.84
719,14.347,-0.051,0.018,1.074,4.639,2.686,3.29
720,14.358,-0.035,0.017,1.094,4.883,2.441,3.6
721,14.369,-0.042,0.024,1.083,4.089,2.686,3.54
722,14.38,-0.053,0.02,1.073,3.784,2.319,3.84
723,14.391,-0.048,0.019,1.078,4.089,2.747,3.47
724,14.402,-0.03,0.024,1.066,4.7,2.869,3.41
725,14.413,-0.048,0.026,1.074,4.15,2.319,3.11
726,14.424,-0.04,0.023,1.087,4.15,2.563,3.35
727,14.435,-0.054,0.02,1.088,4.7,2.808,3.47
728,14.446,-0.047,0.021,1.089,4.028,2.747,3.11
729,14.457,-0.045,0.027,1.091,4.272,2.502,3.41
730,14.468,-0.048,0.016,1.079,4.211,2.991,3.72
731,14.479,-0.05,0.02,1.062,3.845,2.563,3.23
732,14.49,-0.042,0.027,1.084,3.723,2.563,3.41
733,14.501,-0.037,0.019,1.065,4.822,3.113,3.47
734,14.512,-0.05,0.034,1.06,4.211,2.808,3.05
735,14.523,-0.045,0.033,1.08,3.906,2.502,3.47
736,14.534,-0.044,0.022,1.079,4.395,2.502,3.47
737,14.545,-0.051,0.027,1.075,4.211,2.319,3.54
738,14.556,-0.044,0.017,1.085,3.967,2.808,3.54
739,14.567,-0.039,0.027,1.075,3.906,2.441,2.93
740,14.578,-0.049,0.002,1.112,4.272,2.808,3.35
741,14.589,-0.048,0.013,1.081,4.456,2.563,3.84
742,14.6,-0.036,0.015,1.075,3.845,2.563,2.86
743,14.611,-0.042,0.021,1.078,4.15,3.052,3.35
744,14.622,-0.041,0.015,1.077,3.723,2.991,3.35
745,14.633,-0.048,0.022,1.065,3.845,2.686,3.05
746,14.644,-0.048,0.023,1.072,4.639,2.869,3.23
747,14.655,-0.035,0.03,1.083,3.784,2.93,3.17
748,14.666,-0.045,0.023,1.079,4.333,2.686,3.72
749,14.677,-0.06,0.022,1.067,4.395,2.808,3.11
750,14.688,-0.035,-0.003,1.098,4.028,2.869,3.6
751,14.699,-0.039,0.028,1.069,4.15,2.625,3.41
752,14.71,-0.063,0.034,1.08,3.845,2.991,3.23
753,14.721,-0.035,0.023,1.071,3.784,2.869,3.47
754,14.732,-0.041,0.019,1.084,4.639,2.38,2.8
755,14.743,-0.051,0.016,1.077,4.883,2.563,3.29
756,14.754,-0.06,0.015,1.058,4.639,2.808,3.84
757,14.765,-0.049,0.015,1.072,4.7,2.625,3.11
758,14.776,-0.037,0.013,1.092,4.211,2.441,2.74
759,14.787,-0.045,0.016,1.096,4.395,2.747,3.11
760,14.798,-0.04,0.006,1.053,4.272,2.441,3.54
761,14.809,-0.046,0.028,1.072,4.028,2.625,3.35
762,14.82,-0.046,0.017,1.071,4.517,2.502,3.54
763,14.831,-0.044,0.018,1.075,4.333,2.563,3.41
764,14.842,-0.042,0.022,1.068,4.639,2.747,3.78
765,14.853,-0.051,0.031,1.086,4.028,2.747,2.93
766,14.864,-0.045,0.019,1.072,4.517,2.563,3.54
767,14.875,-0.037,0.017,1.089,4.211,2.563,2.86
768,14.886,-0.042,0.002,1.078,3.723,2.38,3.05
769,14.897,-0.042,0.022,1.087,3.906,2.563,2.99
770,14.908,-0.05,0.02,1.087,3.845,2.563,3.05
771,14.919,-0.048,0.019,1.076,3.967,3.174,3.6
772,14.93,-0.039,0.016,1.077,4.272,2.319,3.41
773,14.941,-0.05,0.027,1.073,3.967,2.808,3.41
774,14.952,-0.049,0.018,1.08,4.456,2.93,3.29
775,14.963,-0.032,0.019,1.082,3.967,2.441,3.05
776,14.974,-0.046,0.026,1.074,3.906,2.808,3.23
777,14.985,-0.044,0.03,1.077,4.028,2.502,3.11
778,14.996,-0.041,0.013,1.092,4.639,2.869,3.05
779,15.007,-0.053,0.013,1.08,4.395,2.319,3.47
780,15.018,-0.056,0.028,1.07,4.333,2.502,3.72
781,15.029,-0.056,0.015,1.089,4.211,2.563,3.17
782,15.04,-0.044,0.029,1.078,4.211,2.747,3.72
783,15.051,-0.044,0.009,1.065,4.456,2.686,3.29
784,15.062,-0.045,0.016,1.078,3.906,2.38,3.29
785,15.073,-0.045,0.037,1.073,4.333,2.625,3.6
786,15.084,-0.031,0.024,1.085,4.15,2.441,4.08
787,15.095,-0.038,0.011,1.072,4.639,2.563,3.9
788,15.106,-0.038,0.005,1.078,4.333,2.38,3.11
789,15.117,-0.032,0.008,1.073,4.211,2.441,3.17
790,15.128,-0.039,0.015,1.087,4.028,3.113,3.47
791,15.139,-0.055,0.016,1.068,3.54,2.197,2.93
792,15.15,-0.04,0.027,1.074,4.761,2.38,3.11
793,15.161,-0.041,0.015,1.075,4.089,2.625,3.11
794,15.172,-0.048,0.011,1.079,4.517,3.052,3.72
795,15.183,-0.049,0.021,1.089,4.089,2.625,3.54
796,15.194,-0.046,0.011,1.098,4.089,2.686,3.23
797,15.205,-0.044,0.02,1.071,4.272,2.747,3.29
798,15.216,-0.052,0.015,1.083,4.272,2.686,2.99
799,15.227,-0.046,0.005,1.065,4.333,2.319,3.23
800,15.238,-0.034,0.025,1.079,3.906,2.991,3.17
801,15.249,-0.049,0.029,1.101,4.456,2.625,3.23
802,15.26,-0.054,0.015,1.061,4.272,2.808,3.35
803,15.271,-0.045,0.013,1.071,4.272,2.563,2.99
804,15.282,-0.045,0.019,1.092,3.967,2.258,3.05
805,15.293,-0.052,0.022,1.091,4.944,3.418,3.6
806,15.304,-0.056,0.027,1.09,4.333,2.869,3.66
807,15.315,-0.052,0.028,1.082,3.967,2.563,3.35
808,15.326,-0.051,0.001,1.102,4.333,2.808,3.05
809,15.337,-0.041,0.021,1.088,4.822,3.052,3.47
810,15.348,-0.034,0.031,1.055,3.967,2.502,3.23
811,15.359,-0.04,0.021,1.077,4.15,2.441,3.84
812,15.37,-0.036,0.016,1.08,3.845,2.258,3.41
813,15.381,-0.05,0.016,1.081,4.944,2.686,3.23
814,15.392,-0.045,0.022,1.059,3.906,2.502,3.47
815,15.403,-0.04,0.016,1.066,3.967,2.38,3.35
816,15.414,-0.03,0.015,1.084,4.211,3.235,3.35
817,15.425,-0.053,0.016,1.073,3.967,2.502,3.47
818,15.436,-0.045,0.016,1.073,4.211,2.563,3.47
819,15.447,-0.038,0.018,1.074,3.967,2.625,2.93
820,15.458,-0.046,0.023,1.068,3.357,2.197,3.11
821,15.469,-0.044,0.026,1.067,4.15,2.991,3.29
822,15.48,-0.042,0.025,1.073,3.723,2.441,3.41
823,15.491,-0.048,0.017,1.081,4.517,2.686,3.35
824,15.502,-0.056,0.01,1.086,4.517,2.93,3.54
825,15.513,-0.046,0.012,1.083,3.967,2.991,3.78
826,15.524,-0.039,0.028,1.065,4.456,2.991,3.29
827,15.535,-0.048,0.019,1.075,4.639,2.808,3.41
828,15.546,-0.041,0.027,1.068,4.211,2.319,3.11
829,15.557,-0.043,0.023,1.068,4.578,3.357,3.05
830,15.568,-0.038,0.019,1.073,4.272,2.686,3.35
831,15.579,-0.052,0.011,1.086,3.845,2.258,3.11
832,15.59,-0.039,0.018,1.068,4.578,2.625,3.6
833,15.601,-0.046,0.024,1.075,3.723,2.563,3.05
834,15.612,-0.042,0.025,1.089,4.578,2.38,3.47
835,15.623,-0.038,0.007,1.087,4.211,2.502,3.17
836,15.634,-0.048,0.025,1.084,4.15,2.441,3.35
837,15.645,-0.045,0.018,1.104,4.028,2.686,3.6
838,15.656,-0.022,0.029,1.069,4.028,2.625,3.41
839,15.667,-0.046,0.034,1.09,3.906,2.258,3.96
840,15.678,-0.048,0.022,1.091,4.272,2.747,3.47
841,15.689,-0.041,0.027,1.062,4.395,2.563,3.35
842,15.7,-0.053,0.02,1.076,4.517,3.235,3.47
843,15.711,-0.036,0.014,1.072,3.784,3.113,3.29
844,15.722,-0.05,0.02,1.097,4.089,2.319,3.29
845,15.733,-0.053,0.021,1.051,4.089,1.77,3.29
846,15.744,-0.045,0.013,1.078,3.723,2.747,3.11
847,15.755,-0.044,0.019,1.096,3.906,2.319,2.93
848,15.766,-0.046,0.024,1.079,4.333,2.258,3.54
849,15.777,-0.058,0.02,1.082,3.784,2.441,3.41
850,15.788,-0.049,0.019,1.082,4.395,2.38,3.66
851,15.799,-0.042,0.013,1.084,4.333,2.258,3.35
852,15.81,-0.055,0.027,1.068,3.845,2.502,3.29
853,15.821,-0.042,0.025,1.063,3.967,2.502,3.23
854,15.832,-0.042,0.014,1.089,4.272,2.686,3.6
855,15.843,-0.04,0.027,1.1,4.456,2.319,3.66
856,15.854,-0.033,0.014,1.067,4.456,2.563,3.11
857,15.865,-0.046,0.009,1.078,4.028,2.502,3.29
858,15.876,-0.047,0.01,1.088,4.089,2.991,3.35
859,15.887,-0.047,0.024,1.054,4.456,2.197,3.6
860,15.898,-0.054,0.031,1.061,4.089,1.953,3.23
861,15.909,-0.045,0.029,1.081,4.211,2.075,3.66
862,15.92,-0.047,0.017,1.083,4.089,2.747,3.41
863,15.931,-0.045,0.021,1.086,4.272,2.869,2.99
864,15.942,-0.043,0.036,1.082,4.089,2.747,3.17
865,15.953,-0.046,0.024,1.087,4.15,2.197,3.78
866,15.964,-0.037,0.025,1.072,4.333,2.38,3.47
867,15.975,-0.056,0.014,1.076,4.15,2.625,3.29
868,15.986,-0.045,0.008,1.073,4.578,2.258,3.41
869,15.997,-0.042,0.017,1.084,3.967,2.319,3.47
870,16.008,-0.051,0.035,1.079,3.662,2.441,3.41
871,16.019,-0.061,0.008,1.075,3.723,2.686,3.35
872,16.03,-0.043,0.016,1.062,4.272,3.052,3.72
873,16.041,-0.05,0.019,1.086,4.089,2.625,3.72
874,16.052,-0.045,0.027,1.076,4.272,2.747,3.23
875,16.063,-0.038,0.02,1.064,4.272,2.136,3.66
876,16.074,-0.053,-0.0,1.086,4.028,2.075,3.41
877,16.085,-0.049,0.018,1.07,4.089,2.808,3.72
878,16.096,-0.054,0.032,1.08,4.333,2.625,3.35
879,16.107,-0.056,0.015,1.071,4.028,2.563,3.35
880,16.118,-0.044,0.012,1.093,4.089,2.502,3.11
881,16.129,-0.039,0.017,1.078,4.15,3.113,3.72
882,16.14,-0.054,0.022,1.08,3.967,2.869,3.35
883,16.151,-0.045,0.01,1.088,3.601,2.686,2.62
884,16.162,-0.041,0.016,1.076,4.272,2.38,3.35
885,16.173,-0.044,0.021,1.089,4.517,2.502,3.35
886,16.184,-0.044,0.016,1.08,4.272,2.197,3.17
887,16.195,-0.046,0.016,1.072,4.028,2.686,3.35
888,16.206,-0.039,0.03,1.071,3.54,2.502,2.93
889,16.217,-0.031,0.034,1.075,4.272,2.502,3.66
890,16.228,-0.036,0.027,1.08,4.028,2.625,2.93
891,16.239,-0.043,0.008,1.072,4.333,2.502,3.29
892,16.25,-0.059,0.009,1.085,4.7,2.563,3.11
893,16.261,-0.027,0.009,1.094,4.089,2.869,3.66
894,16.272,-0.049,0.021,1.082,3.662,2.319,3.54
895,16.283,-0.041,0.014,1.064,3.479,3.052,3.17
896,16.294,-0.043,0.027,1.073,4.15,2.258,3.6
897,16.305,-0.044,0.02,1.08,4.333,3.052,3.29
898,16.316,-0.061,0.004,1.079,4.517,2.502,3.35
899,16.327,-0.044,0.009,1.064,4.028,2.258,3.54
900,16.338,-0.047,0.015,1.082,4.089,2.502,3.35
901,16.349,-0.035,0.023,1.087,4.089,2.38,3.23
902,16.36,-0.048,0.015,1.074,4.272,2.502,3.54
903,16.371,-0.034,0.026,1.086,4.028,2.869,3.17
904,16.382,-0.05,0.008,1.092,4.089,2.686,3.17
905,16.393,-0.04,0.032,1.091,4.028,2.686,3.47
906,16.404,-0.035,0.019,1.062,3.479,2.075,3.11
907,16.415,-0.048,0.006,1.074,4.395,2.563,3.35
908,16.426,-0.058,0.023,1.075,4.578,2.563,3.84
909,16.437,-0.045,0.024,1.078,4.578,2.625,3.72
910,16.448,-0.044,0.019,1.065,3.784,2.686,3.17
911,16.459,-0.038,0.021,1.075,4.211,2.625,3.29
912,16.47,-0.031,0.012,1.089,3.784,2.502,3.29
913,16.481,-0.063,0.013,1.078,4.15,2.563,3.41
914,16.492,-0.047,0.026,1.087,3.723,2.625,2.93
915,16.503,-0.041,0.008,1.092,4.395,2.38,3.54
916,16.514,-0.043,0.012,1.097,3.845,2.441,3.66
917,16.525,-0.054,0.027,1.079,4.272,2.747,2.93
918,16.536,-0.048,0.03,1.075,4.578,2.747,3.54
919,16.547,-0.041,0.016,1.065,4.211,2.38,3.54
920,16.558,-0.043,0.01,1.072,4.15,2.563,3.17
921,16.569,-0.053,0.019,1.084,4.15,2.686,3.17
922,16.58,-0.057,0.018,1.082,3.967,2.319,3.35
923,16.591,-0.052,0.025,1.063,4.211,2.38,3.35
924,16.602,-0.045,0.023,1.09,4.15,2.258,3.11
925,16.613,-0.037,0.021,1.084,3.906,2.441,3.29
926,16.624,-0.032,0.022,1.094,3.784,2.258,3.29
927,16.635,-0.038,0.023,1.088,4.211,2.502,3.29
928,16.646,-0.032,0.026,1.059,4.761,2.686,2.8
929,16.657,-0.044,0.029,1.077,4.7,2.686,3.72
930,16.668,-0.041,0.027,1.075,4.272,2.686,3.23
931,16.679,-0.045,-0.003,1.06,4.272,2.319,3.54
932,16.69,-0.049,0.013,1.089,4.517,2.625,3.54
933,16.701,-0.049,0.011,1.096,4.211,2.747,3.66
934,16.712,-0.049,0.016,1.076,3.479,2.625,3.54
935,16.723,-0.045,0.011,1.076,4.272,3.052,3.47
936,16.734,-0.037,0.027,1.091,4.089,2.625,3.54
937,16.745,-0.049,0.029,1.066,4.211,2.686,3.23
938,16.756,-0.044,0.025,1.09,3.784,2.258,3.78
939,16.767,-0.042,0.02,1.059,3.967,2.563,3.17
940,16.778,-0.043,0.005,1.067,3.723,2.319,3.72
941,16.789,-0.04,0.009,1.083,4.456,2.563,3.35
942,16.8,-0.032,0.021,1.079,4.028,2.319,2.86
943,16.811,-0.046,0.024,1.057,4.028,2.258,3.66
944,16.822,-0.048,0.01,1.075,3.845,2.747,3.47
945,16.833,-0.048,0.012,1.097,3.662,2.991,3.6
946,16.844,-0.045,0.017,1.07,4.089,2.686,3.11
947,16.855,-0.056,0.019,1.077,3.845,2.441,3.23
948,16.866,-0.039,0.01,1.062,4.333,2.258,3.6
949,16.877,-0.037,0.026,1.091,4.333,2.625,3.6
950,16.888,-0.046,0.02,1.083,4.456,2.563,3.54
951,16.899,-0.062,0.02,1.081,3.723,2.808,3.05
952,16.91,-0.041,0.009,1.071,3.723,2.869,3.41
953,16.921,-0.051,0.018,1.083,3.906,2.747,3.54
954,16.932,-0.038,0.016,1.073,4.272,2.625,3.11
955,16.943,-0.053,0.005,1.08,3.906,2.502,3.05
956,16.954,-0.04,0.021,1.086,4.456,2.808,3.41
957,16.965,-0.046,0.032,1.046,4.15,2.502,3.72
958,16.976,-0.05,0.019,1.076,4.517,2.441,3.11
959,16.987,-0.044,0.028,1.071,4.028,2.869,3.11
960,16.998,-0.022,0.035,1.078,4.089,2.747,3.54
961,17.009,-0.051,0.031,1.06,4.15,2.991,3.11
962,17.02,-0.043,0.006,1.088,4.456,2.869,3.17
963,17.031,-0.036,0.018,1.086,3.723,2.625,3.35
964,17.042,-0.048,0.021,1.091,4.7,2.808,3.41
965,17.053,-0.052,0.026,1.088,4.028,2.563,3.23
966,17.064,-0.038,0.02,1.061,3.906,2.38,3.41
967,17.075,-0.051,0.025,1.077,4.272,2.808,3.29
968,17.086,-0.036,0.031,1.072,4.089,2.625,3.11
969,17.097,-0.05,0.012,1.084,4.211,2.441,3.35
970,17.108,-0.032,0.021,1.072,4.333,2.747,3.29
971,17.119,-0.048,0.017,1.082,4.15,2.319,3.41
972,17.13,-0.048,0.018,1.078,3.54,2.502,2.99
973,17.141,-0.035,0.024,1.08,4.272,2.502,3.54
974,17.152,-0.036,0.014,1.11,4.395,2.808,3.47
975,17.163,-0.043,0.026,1.078,4.211,2.441,3.35
976,17.174,-0.033,0.017,1.064,4.15,2.747,3.66
977,17.185,-0.035,0.018,1.08,3.601,2.197,3.17
978,17.196,-0.062,0.02,1.078,4.272,2.869,3.17
979,17.207,-0.039,0.017,1.086,4.028,2.502,3.35
980,17.218,-0.032,0.023,1.066,4.211,2.625,3.72
981,17.229,-0.038,0.03,1.069,4.333,2.808,3.11
982,17.24,-0.047,0.016,1.065,4.028,2.563,3.29
983,17.251,-0.052,0.011,1.087,4.272,2.563,3.35
984,17.262,-0.037,0.014,1.088,4.028,2.258,3.17
985,17.273,-0.054,0.009,1.079,3.784,2.319,3.47
986,17.284,-0.041,0.02,1.068,4.578,2.747,3.29
987,17.295,-0.048,0.01,1.066,4.211,2.197,3.35
988,17.306,-0.038,0.03,1.072,3.845,2.502,3.29
989,17.317,-0.029,0.025,1.077,4.7,2.747,3.41
990,17.328,-0.049,0.023,1.056,4.456,2.258,3.17
991,17.339,-0.053,0.019,1.083,4.639,2.441,3.66
992,17.35,-0.042,0.013,1.084,4.395,2.625,3.41
993,17.361,-0.042,0.021,1.088,3.967,2.563,3.29
994,17.372,-0.052,0.01,1.091,4.272,2.625,3.72
995,17.383,-0.045,0.026,1.066,4.578,3.174,3.29
996,17.394,-0.041,0.016,1.077,3.845,2.625,3.47
997,17.405,-0.031,0.025,1.08,4.456,2.747,2.99
998,17.416,-0.043,0.03,1.072,4.272,2.502,3.29
999,17.427,-0.053,0.025,1.077,4.089,2.686,3.66
1000,17.438,-0.043,0.012,1.078,4.089,2.625,3.05
1001,17.449,-0.059,0.017,1.066,4.578,2.563,3.29
1002,17.46,-0.04,0.021,1.075,4.089,2.136,3.66
1003,17.471,-0.044,0.016,1.096,4.15,2.686,3.17
1004,17.482,-0.033,0.028,1.082,4.333,2.808,3.41
1005,17.493,-0.045,0.027,1.073,4.15,2.502,3.54
1006,17.504,-0.058,0.023,1.075,3.845,2.808,3.17
1007,17.515,-0.046,0.015,1.063,4.272,2.319,3.66
1008,17.526,-0.05,0.02,1.086,4.517,2.747,3.05
1009,17.537,-0.041,0.018,1.089,4.028,2.563,3.54
1010,17.548,-0.052,0.022,1.092,3.479,2.563,3.47
1011,17.559,-0.035,0.032,1.082,4.761,2.747,3.9
1012,17.57,-0.043,0.014,1.089,4.15,2.808,2.99
1013,17.581,-0.035,0.013,1.075,4.15,2.563,3.11
1014,17.592,-0.039,0.006,1.102,3.845,2.625,3.23
1015,17.603,-0.054,0.022,1.098,4.272,2.747,3.47
1016,17.614,-0.041,0.012,1.071,4.272,2.319,3.47
1017,17.625,-0.058,0.034,1.077,4.333,2.563,3.41
1018,17.636,-0.052,0.016,1.097,4.211,2.136,3.17
1019,17.647,-0.049,0.015,1.073,3.662,2.563,2.8
1020,17.658,-0.029,0.038,1.086,3.967,2.808,3.41
1021,17.669,-0.049,0.023,1.071,4.272,2.502,3.35
1022,17.68,-0.037,0.013,1.072,4.456,2.38,3.41
1023,17.691,-0.038,0.031,1.065,3.906,2.563,3.41
1024,17.702,-0.044,0.017,1.071,3.967,2.502,3.17
1025,17.713,-0.055,0.02,1.066,4.395,2.686,2.86
1026,17.724,-0.041,0.019,1.068,4.395,2.93,2.93
1027,17.735,-0.052,0.02,1.079,3.906,2.686,2.99
1028,17.746,-0.037,0.026,1.076,4.15,2.93,3.35
1029,17.757,-0.037,0.022,1.068,3.784,1.953,2.8
1030,17.768,-0.057,0.021,1.088,4.517,2.38,3.54
1031,17.779,-0.047,0.018,1.077,4.028,2.258,2.86
1032,17.79,-0.04,0.016,1.086,4.15,2.625,3.05
1033,17.801,-0.053,0.026,1.072,4.089,2.38,3.54
1034,17.812,-0.06,0.019,1.072,4.395,2.563,3.47
1035,17.823,-0.031,0.023,1.096,4.272,2.808,2.99
1036,17.834,-0.033,0.031,1.071,4.272,3.052,3.29
1037,17.845,-0.047,0.024,1.063,3.54,2.258,3.6
1038,17.856,-0.052,0.029,1.059,3.845,2.808,3.05
1039,17.867,-0.049,0.021,1.071,4.272,2.625,2.99
1040,17.878,-0.032,0.022,1.088,4.395,2.502,3.66
1041,17.889,-0.048,0.025,1.082,3.662,2.563,3.17
1042,17.9,-0.042,0.023,1.069,4.761,2.869,3.66
1043,17.911,-0.052,0.009,1.088,4.028,2.686,3.47
1044,17.922,-0.032,0.015,1.079,4.089,2.319,3.23
1045,17.933,-0.053,0.012,1.099,4.089,2.747,3.35
1046,17.944,-0.047,0.03,1.098,4.333,2.38,3.17
1047,17.955,-0.046,0.025,1.087,4.211,2.319,3.6
1048,17.966,-0.046,0.024,1.06,4.211,2.502,3.54
1049,17.977,-0.047,0.02,1.064,4.272,2.563,3.72
1050,17.988,-0.045,0.021,1.078,4.456,2.747,3.35
1051,17.999,-0.042,0.016,1.082,4.028,2.625,3.11
1052,18.01,-0.041,0.021,1.083,4.15,2.502,3.41
1053,18.021,-0.043,0.006,1.091,3.601,2.747,3.41
1054,18.032,-0.05,0.012,1.08,3.479,2.38,3.11
1055,18.043,-0.054,0.018,1.081,4.089,2.747,3.72
1056,18.054,-0.041,0.026,1.079,3.906,2.197,3.05
1057,18.065,-0.035,0.015,1.082,4.456,2.686,3.29
1058,18.076,-0.041,0.021,1.082,4.028,2.502,3.35
1059,18.087,-0.044,0.029,1.081,3.845,2.014,3.66
1060,18.098,-0.047,0.014,1.06,4.944,2.869,2.99
1061,18.109,-0.045,0.007,1.085,4.272,2.38,3.29
1062,18.12,-0.061,0.033,1.09,4.211,2.38,3.6
1063,18.131,-0.06,0.027,1.093,4.211,2.502,3.11
1064,18.142,-0.038,0.023,1.077,4.517,3.052,3.29
1065,18.153,-0.056,0.01,1.083,3.845,2.625,3.05
1066,18.164,-0.055,0.023,1.058,4.15,2.563,3.23
1067,18.175,-0.043,0.014,1.055,4.456,2.319,3.47
1068,18.186,-0.044,0.027,1.062,4.333,2.93,3.47
1069,18.197,-0.043,0.018,1.079,4.395,2.808,3.11
1070,18.208,-0.045,0.017,1.077,3.845,2.686,3.35
1071,18.219,-0.039,0.024,1.077,4.15,2.991,3.41
1072,18.23,-0.04,0.018,1.065,4.333,2.38,3.35
1073,18.241,-0.038,0.01,1.082,4.333,2.197,2.62
1074,18.252,-0.045,0.018,1.075,3.967,2.197,3.23
1075,18.263,-0.029,0.02,1.091,4.272,2.869,3.47
1076,18.274,-0.046,0.017,1.073,3.967,2.747,3.54
1077,18.285,-0.045,0.023,1.06,4.578,2.563,2.99
1078,18.296,-0.038,0.018,1.082,3.784,2.014,3.41
1079,18.307,-0.037,0.032,1.079,4.395,2.563,3.29
1080,18.318,-0.042,0.024,1.086,3.723,2.319,3.35
1081,18.329,-0.038,0.028,1.078,3.967,2.625,2.93
1082,18.34,-0.037,0.009,1.08,4.028,2.686,3.17
1083,18.351,-0.046,0.022,1.068,3.845,2.808,3.54
1084,18.362,-0.049,0.019,1.073,4.456,3.113,3.54
1085,18.373,-0.034,0.03,1.062,3.784,2.38,2.93
1086,18.384,-0.041,0.027,1.047,4.272,2.808,2.99
1087,18.395,-0.056,0.016,1.073,4.761,2.563,3.35
1088,18.406,-0.032,0.024,1.063,4.028,2.991,3.11
1089,18.417,-0.052,0.028,1.067,5.066,2.441,3.23
1090,18.428,-0.04,0.014,1.087,4.028,2.625,3.35
1091,18.439,-0.046,0.021,1.075,3.784,2.563,2.93
1092,18.45,-0.047,0.009,1.098,4.517,2.747,3.66
1093,18.461,-0.041,0.009,1.083,4.272,2.747,3.54
1094,18.472,-0.054,0.024,1.054,3.845,3.296,2.99
1095,18.483,-0.034,0.014,1.074,3.906,2.93,3.23
1096,18.494,-0.047,0.018,1.086,4.211,2.869,3.29
1097,18.505,-0.047,0.022,1.069,4.15,2.686,3.9
1098,18.516,-0.055,0.02,1.06,4.15,2.563,3.05
1099,18.527,-0.049,0.02,1.086,4.395,2.625,3.17
1100,18.538,-0.054,0.028,1.06,4.211,2.441,3.54
1101,18.549,-0.06,0.014,1.083,4.272,2.991,3.47
1102,18.56,-0.057,0.02,1.079,4.456,2.38,3.29
1103,18.571,-0.04,0.017,1.081,3.967,2.136,3.23
1104,18.582,-0.039,0.026,1.087,3.662,2.808,3.35
1105,18.593,-0.052,0.02,1.076,4.456,3.174,3.54
1106,18.604,-0.048,0.028,1.052,4.395,2.93,3.23
1107,18.615,-0.05,0.016,1.076,4.333,2.38,3.17
1108,18.626,-0.057,0.017,1.087,4.395,2.563,3.35
1109,18.637,-0.037,0.017,1.086,4.333,2.563,3.29
1110,18.648,-0.037,0.027,1.072,4.15,2.502,3.47
1111,18.659,-0.049,0.028,1.077,4.15,2.747,3.29
1112,18.67,-0.047,0.033,1.072,4.333,2.625,3.05
1113,18.681,-0.027,0.025,1.105,3.845,2.502,3.6
1114,18.692,-0.058,0.016,1.087,4.15,2.441,2.93
1115,18.703,-0.046,0.021,1.078,4.333,3.052,3.05
1116,18.714,-0.033,0.03,1.059,3.906,2.625,3.17
1117,18.725,-0.043,0.019,1.06,4.761,2.686,3.47
1118,18.736,-0.05,0.007,1.078,3.784,2.625,2.74
1119,18.747,-0.048,0.019,1.075,4.456,2.136,3.6
1120,18.758,-0.045,0.005,1.084,4.272,2.625,3.29
1121,18.769,-0.04,0.007,1.078,4.639,2.869,3.47
1122,18.78,-0.048,0.013,1.084,4.211,2.563,3.54
1123,18.791,-0.019,0.024,1.046,3.906,2.808,3.11
1124,18.802,-0.039,0.02,1.08,3.601,2.563,3.9
1125,18.813,-0.045,0.024,1.084,4.517,2.563,3.29
1126,18.824,-0.037,0.036,1.091,4.578,2.319,3.05
1127,18.835,-0.036,0.023,1.06,4.578,2.93,3.47
1128,18.846,-0.043,0.021,1.058,4.089,2.869,3.35
1129,18.857,-0.049,0.016,1.073,4.395,2.502,3.54
1130,18.868,-0.045,0.021,1.08,4.395,2.747,3.35
1131,18.879,-0.044,0.009,1.073,4.395,2.625,3.29
1132,18.89,-0.041,0.026,1.088,4.089,2.808,3.35
1133,18.901,-0.042,0.007,1.087,3.967,2.686,3.54
1134,18.912,-0.035,0.027,1.057,4.517,2.686,3.54
1135,18.923,-0.042,0.01,1.06,3.906,2.991,3.23
1136,18.934,-0.036,0.028,1.075,4.089,2.686,3.41
1137,18.945,-0.036,0.027,1.075,3.845,2.441,3.78
1138,18.956,-0.03,0.021,1.077,4.333,2.869,2.99
1139,18.967,-0.055,0.006,1.076,4.028,2.258,3.29
1140,18.978,-0.053,0.015,1.085,4.028,2.38,3.72
1141,18.989,-0.036,0.009,1.084,4.639,3.235,3.17
1142,19.0,-0.056,0.024,1.082,3.662,2.38,3.35
1143,19.011,-0.041,0.015,1.09,4.456,2.441,3.35
1144,19.022,-0.043,0.025,1.077,4.395,2.625,3.29
1145,19.033,-0.043,0.014,1.085,4.211,2.502,2.99
1146,19.044,-0.057,0.024,1.066,3.723,2.502,3.47
1147,19.055,-0.049,0.029,1.059,4.395,2.563,3.6
1148,19.066,-0.051,0.011,1.094,4.578,2.808,2.93
1149,19.077,-0.055,0.028,1.074,4.333,2.38,3.05
1150,19.088,-0.057,0.017,1.092,4.028,2.502,3.23
1151,19.099,-0.045,0.022,1.084,4.211,2.625,3.23
1152,19.11,-0.053,0.008,1.087,4.15,2.563,3.05
1153,19.121,-0.045,0.02,1.068,4.456,2.38,3.6
1154,19.132,-0.045,0.009,1.091,4.395,2.319,3.47
1155,19.143,-0.041,0.031,1.074,4.028,2.563,3.6
1156,19.154,-0.04,0.009,1.071,4.15,2.808,3.41
1157,19.165,-0.042,0.009,1.092,4.395,2.38,3.54
1158,19.176,-0.038,0.028,1.079,4.211,2.441,2.86
1159,19.187,-0.052,0.011,1.074,4.15,2.808,2.99
1160,19.198,-0.054,0.009,1.079,4.211,2.563,3.29
1161,19.209,-0.041,0.026,1.092,4.578,2.808,3.29
1162,19.22,-0.049,0.014,1.088,3.723,2.502,3.05
1163,19.231,-0.049,0.021,1.099,4.211,2.625,3.78
1164,19.242,-0.053,0.021,1.067,4.272,2.747,3.05
1165,19.253,-0.043,0.015,1.065,4.211,2.808,3.47
1166,19.264,-0.039,0.026,1.068,3.845,2.441,2.93
1167,19.275,-0.048,0.019,1.06,4.089,2.563,3.23
1168,19.286,-0.04,0.023,1.07,4.211,2.563,3.29
1169,19.297,-0.042,0.021,1.093,3.967,2.686,2.86
1170,19.308,-0.046,0.005,1.072,4.028,2.747,3.35
1171,19.319,-0.05,0.019,1.08,3.662,2.502,3.78
1172,19.33,-0.048,0.007,1.081,4.211,2.625,3.41
1173,19.341,-0.047,0.021,1.092,4.272,2.502,3.41
1174,19.352,-0.058,0.016,1.083,4.028,2.563,3.47
1175,19.363,-0.051,0.02,1.077,3.845,2.625,3.6
1176,19.374,-0.039,0.012,1.055,4.089,3.052,3.66
1177,19.385,-0.048,0.02,1.075,3.906,2.625,3.29
1178,19.396,-0.038,0.019,1.094,4.822,2.38,3.6
1179,19.407,-0.041,0.002,1.088,3.784,2.258,3.29
1180,19.418,-0.043,0.015,1.066,3.967,2.747,3.6
1181,19.429,-0.046,0.007,1.1,4.578,2.319,3.29
1182,19.44,-0.059,0.032,1.074,4.272,2.441,2.86
1183,19.451,-0.037,0.011,1.082,4.089,2.869,3.84
1184,19.462,-0.041,0.022,1.067,4.15,2.441,3.47
1185,19.473,-0.039,0.022,1.063,4.333,2.625,3.05
1186,19.484,-0.05,0.017,1.062,3.845,2.625,3.54
1187,19.495,-0.056,0.028,1.071,4.211,2.625,3.05
1188,19.506,-0.044,0.024,1.067,3.723,2.441,3.23
1189,19.517,-0.062,0.011,1.082,4.211,2.686,3.47
1190,19.528,-0.025,0.035,1.079,4.089,2.441,3.29
1191,19.539,-0.043,-0.0,1.092,4.028,2.38,3.66
1192,19.55,-0.047,0.015,1.095,3.845,2.686,3.29
1193,19.561,-0.05,0.023,1.073,4.456,2.563,3.29
1194,19.572,-0.049,0.022,1.075,4.272,2.625,3.41
1195,19.583,-0.042,0.018,1.081,3.662,2.563,3.6
1196,19.594,-0.037,0.023,1.078,3.845,2.625,3.17
1197,19.605,-0.044,0.022,1.064,4.15,2.686,3.41
1198,19.616,-0.05,0.015,1.073,4.028,2.625,3.41
1199,19.627,-0.05,0.017,1.069,4.333,2.502,2.8
1200,19.638,-0.04,0.013,1.073,4.028,2.563,2.86
1201,19.649,-0.048,0.022,1.074,3.906,2.625,2.8
1202,19.66,-0.04,0.01,1.085,3.906,2.319,3.05
1203,19.671,-0.052,0.011,1.083,4.028,2.38,3.35
1204,19.682,-0.042,0.016,1.087,3.906,2.319,3.72
1205,19.693,-0.05,0.017,1.057,4.272,2.563,3.66
1206,19.704,-0.034,0.021,1.057,3.723,2.563,3.35
1207,19.715,-0.051,0.022,1.071,3.906,2.441,3.35
1208,19.726,-0.042,0.018,1.08,4.395,2.441,2.99
1209,19.737,-0.044,0.019,1.083,4.211,2.38,3.11
1210,19.748,-0.029,0.015,1.078,4.211,2.93,3.47
1211,19.759,-0.046,0.021,1.074,3.967,2.38,3.29
1212,19.77,-0.045,0.017,1.067,4.822,2.808,3.23
1213,19.781,-0.042,0.033,1.08,3.906,2.808,3.11
1214,19.792,-0.042,0.005,1.082,3.784,2.502,3.11
1215,19.803,-0.05,0.02,1.082,4.028,2.991,3.29
1216,19.814,-0.036,0.018,1.067,4.7,2.319,3.05
1217,19.825,-0.049,0.023,1.066,4.578,2.808,3.84
1218,19.836,-0.045,0.015,1.054,3.906,2.197,3.05
1219,19.847,-0.049,0.018,1.079,4.211,2.441,3.41
1220,19.858,-0.051,0.011,1.096,3.845,2.563,3.6
1221,19.869,-0.039,0.008,1.088,4.211,2.502,3.17
1222,19.88,-0.047,0.013,1.093,4.15,2.502,3.47
1223,19.891,-0.04,0.017,1.073,4.578,2.563,3.54
1224,19.902,-0.035,0.002,1.067,3.845,3.113,3.41
1225,19.913,-0.031,0.032,1.06,3.906,2.747,3.54
1226,19.924,-0.049,0.003,1.076,4.028,1.953,3.66
1227,19.935,-0.047,0.016,1.105,4.395,2.441,3.6
1228,19.946,-0.048,0.019,1.083,4.395,2.747,3.47
1229,19.957,-0.044,0.017,1.082,4.333,2.93,3.11
1230,19.968,-0.039,0.023,1.069,4.089,2.808,3.23
1231,19.979,-0.05,0.019,1.073,3.845,2.258,3.11
1232,19.99,-0.049,0.019,1.081,4.395,2.441,3.17
1233,20.001,-0.042,0.017,1.091,3.662,2.808,3.35
1234,20.012,-0.048,0.037,1.063,3.845,2.502,3.35
1235,20.023,-0.036,0.027,1.062,4.028,2.319,3.66
1236,20.034,-0.047,0.024,1.059,4.089,2.808,3.35
1237,20.045,-0.044,0.034,1.061,4.15,2.319,3.29
1238,20.056,-0.045,0.022,1.075,4.028,2.502,3.17
1239,20.067,-0.051,0.018,1.095,3.845,2.441,2.8
1240,20.078,-0.048,0.02,1.076,4.211,2.502,3.54
1241,20.089,-0.048,0.023,1.097,4.211,2.869,3.11
1242,20.1,-0.037,0.012,1.089,4.395,2.563,3.47
1243,20.111,-0.044,0.025,1.07,4.333,2.38,2.93
1244,20.122,-0.042,0.011,1.067,4.333,2.441,3.05
1245,20.133,-0.038,0.03,1.08,4.517,2.808,3.78
1246,20.144,-0.039,0.036,1.08,4.272,2.991,3.35
1247,20.155,-0.043,0.011,1.083,4.089,2.502,3.41
1248,20.166,-0.051,0.013,1.061,4.395,2.686,2.93
1249,20.177,-0.057,0.011,1.065,4.028,2.625,3.29
1250,20.188,-0.052,0.022,1.086,4.456,2.625,3.54
1251,20.199,-0.05,0.02,1.077,4.333,2.258,3.84
1252,20.21,-0.046,0.012,1.082,4.15,2.502,3.66
1253,20.221,-0.044,0.019,1.067,4.272,2.441,3.41
1254,20.232,-0.049,0.019,1.082,4.089,2.319,2.99
1255,20.243,-0.05,0.023,1.06,4.15,2.869,3.47
1256,20.254,-0.051,0.009,1.071,4.15,2.625,3.17
1257,20.265,-0.06,0.034,1.07,4.639,2.075,3.6
1258,20.276,-0.044,0.02,1.087,4.089,2.563,3.23
1259,20.287,-0.041,0.016,1.094,4.211,2.502,3.35
1260,20.298,-0.045,0.013,1.091,4.089,2.747,3.54
1261,20.309,-0.037,0.018,1.082,4.395,2.319,3.35
1262,20.32,-0.045,0.021,1.06,4.15,2.38,3.17
1263,20.331,-0.038,0.026,1.063,4.028,2.197,2.86
1264,20.342,-0.04,0.031,1.064,4.639,2.563,3.05
1265,20.353,-0.042,0.011,1.074,4.456,2.747,3.23
1266,20.364,-0.045,0.021,1.086,4.15,2.319,3.17
1267,20.375,-0.05,0.014,1.057,3.418,1.892,3.11
1268,20.386,-0.033,0.021,1.077,4.15,2.991,3.54
1269,20.397,-0.038,0.032,1.071,4.272,2.625,3.54
1270,20.408,-0.05,0.026,1.071,4.333,2.319,3.66
1271,20.419,-0.046,0.029,1.091,4.517,2.747,3.41
1272,20.43,-0.042,0.022,1.087,3.784,2.686,3.6
1273,20.441,-0.05,0.024,1.072,3.967,2.38,3.23
1274,20.452,-0.046,0.013,1.089,3.906,2.625,3.41
1275,20.463,-0.051,0.019,1.077,4.15,2.136,3.29
1276,20.474,-0.041,0.016,1.077,4.211,2.258,3.72
1277,20.485,-0.049,0.02,1.089,4.211,2.869,3.35
1278,20.496,-0.045,0.015,1.076,4.15,2.563,3.66
1279,20.507,-0.054,0.025,1.07,4.089,2.808,3.78
1280,20.518,-0.045,0.02,1.086,4.028,2.441,3.41
1281,20.529,-0.05,0.022,1.063,3.906,2.747,3.6
1282,20.54,-0.049,0.015,1.09,4.028,2.319,3.23
1283,20.551,-0.047,0.006,1.09,4.395,2.686,3.29
1284,20.562,-0.033,0.022,1.058,3.845,2.563,3.47
1285,20.573,-0.05,0.014,1.072,3.723,2.563,3.41
1286,20.584,-0.048,0.019,1.071,4.028,2.502,3.47
1287,20.595,-0.05,0.034,1.057,4.089,2.441,3.47
1288,20.606,-0.053,0.019,1.09,4.517,2.869,3.66
1289,20.617,-0.03,0.027,1.098,3.967,2.502,3.6
1290,20.628,-0.046,0.03,1.083,4.211,2.258,3.41
1291,20.639,-0.04,0.01,1.083,3.54,2.808,2.99
1292,20.65,-0.038,0.021,1.064,4.15,2.93,3.54
1293,20.661,-0.053,0.031,1.071,4.333,2.686,3.6
1294,20.672,-0.04,0.026,1.074,3.906,2.197,3.23
1295,20.683,-0.035,0.019,1.091,4.639,2.441,3.78
1296,20.694,-0.044,0.014,1.094,4.333,2.258,3.54
1297,20.705,-0.042,0.034,1.083,4.15,2.502,3.35
1298,20.716,-0.041,0.021,1.074,3.845,2.502,3.23
1299,20.727,-0.05,0.012,1.087,3.906,2.319,3.41
1300,20.738,-0.054,0.018,1.104,4.211,2.319,3.35
1301,20.749,-0.06,0.016,1.102,4.211,2.38,3.54
1302,20.76,-0.041,0.024,1.078,4.211,2.319,3.35
1303,20.771,-0.06,0.031,1.083,4.211,2.502,2.86
1304,20.782,-0.05,0.021,1.079,4.333,3.052,3.23
1305,20.793,-0.04,0.02,1.064,4.7,2.319,2.99
1306,20.804,-0.04,0.011,1.079,3.601,2.686,3.6
1307,20.815,-0.061,0.024,1.099,4.089,2.319,3.11
1308,20.826,-0.027,0.028,1.088,4.15,2.686,2.93
1309,20.837,-0.062,0.018,1.094,4.089,2.319,3.29
1310,20.848,-0.056,0.023,1.079,4.272,2.38,3.47
1311,20.859,-0.043,0.021,1.08,3.601,2.502,3.29
1312,20.87,-0.05,0.024,1.091,4.333,2.258,3.41
1313,20.881,-0.065,0.021,1.086,3.967,2.625,3.78
1314,20.892,-0.05,0.015,1.092,4.517,2.686,3.29
1315,20.903,-0.044,0.021,1.089,3.601,2.441,3.6
1316,20.914,-0.045,0.01,1.063,3.784,2.197,3.6
1317,20.925,-0.047,0.021,1.07,4.333,2.686,3.84
1318,20.936,-0.043,0.021,1.081,4.211,2.502,3.41
1319,20.947,-0.037,0.028,1.073,3.784,2.93,3.05
1320,20.958,-0.032,0.033,1.073,4.15,2.625,2.86
1321,20.969,-0.044,0.023,1.066,4.517,2.808,3.17
1322,20.98,-0.049,0.02,1.081,4.028,2.441,3.11
1323,20.991,-0.046,0.003,1.08,4.395,2.686,3.29
1324,21.002,-0.045,0.02,1.065,3.906,2.747,3.35
1325,21.013,-0.047,0.016,1.071,4.395,2.136,3.11
1326,21.024,-0.052,0.013,1.119,4.089,2.563,3.05
1327,21.035,-0.05,0.013,1.072,3.723,2.747,3.6
1328,21.046,-0.044,0.011,1.073,4.333,2.441,3.23
1329,21.057,-0.06,0.032,1.076,4.395,2.686,3.54
1330,21.068,-0.034,0.021,1.072,4.089,2.502,3.47
1331,21.079,-0.044,0.021,1.086,4.028,2.93,3.17
1332,21.09,-0.051,0.025,1.072,4.272,2.441,3.54
1333,21.101,-0.042,0.012,1.069,3.967,2.319,3.35
1334,21.112,-0.05,0.021,1.075,4.15,2.502,3.78
1335,21.123,-0.038,0.025,1.071,4.272,2.38,3.47
1336,21.134,-0.057,0.035,1.078,4.211,2.686,3.72
1337,21.145,-0.046,0.016,1.076,4.333,2.563,3.23
1338,21.156,-0.032,0.023,1.073,3.662,2.258,3.66
1339,21.167,-0.037,0.029,1.099,4.395,2.808,3.35
1340,21.178,-0.049,0.024,1.081,4.456,2.38,3.05
1341,21.189,-0.036,0.018,1.07,3.967,2.869,3.05
1342,21.2,-0.056,0.026,1.077,4.578,2.441,3.41
1343,21.211,-0.061,0.016,1.078,3.784,2.441,2.8
1344,21.222,-0.025,0.031,1.074,3.479,2.502,3.41
1345,21.233,-0.042,0.009,1.096,3.906,2.869,3.35
1346,21.244,-0.056,0.021,1.09,4.333,2.93,3.72
1347,21.255,-0.031,0.028,1.083,4.456,2.747,3.66
1348,21.266,-0.044,0.029,1.086,4.7,2.869,3.05
1349,21.277,-0.04,0.029,1.072,4.272,2.625,3.47
1350,21.288,-0.038,0.029,1.081,3.906,2.686,3.23
1351,21.299,-0.039,0.019,1.09,4.15,2.808,2.8
1352,21.31,-0.044,0.006,1.09,3.906,3.113,3.35
1353,21.321,-0.043,0.035,1.066,4.822,2.625,3.05
1354,21.332,-0.041,0.025,1.08,4.211,2.747,3.6
1355,21.343,-0.048,0.021,1.065,4.456,2.686,3.54
1356,21.354,-0.05,0.013,1.075,3.906,2.441,3.23
1357,21.365,-0.046,0.016,1.087,4.028,2.319,3.17
1358,21.376,-0.038,0.013,1.104,3.54,2.38,3.47
1359,21.387,-0.029,0.033,1.074,4.028,3.113,3.54
1360,21.398,-0.043,0.037,1.084,3.906,2.563,3.23
1361,21.409,-0.044,0.027,1.075,4.333,2.319,3.35
1362,21.42,-0.041,0.033,1.056,4.15,2.869,3.47
1363,21.431,-0.046,0.023,1.077,3.784,2.625,2.99
1364,21.442,-0.052,0.016,1.094,4.333,2.319,3.41
1365,21.453,-0.042,0.018,1.082,4.578,2.808,3.35
1366,21.464,-0.042,0.016,1.064,4.089,2.625,3.54
1367,21.475,-0.069,0.011,1.066,4.028,2.197,3.29
1368,21.486,-0.028,0.014,1.065,4.15,2.625,3.11
1369,21.497,-0.036,0.022,1.093,4.578,2.319,2.99
1370,21.508,-0.046,0.021,1.095,4.15,2.441,3.29
1371,21.519,-0.057,0.015,1.09,4.272,2.502,3.29
1372,21.53,-0.051,0.019,1.072,4.028,2.014,3.35
1373,21.541,-0.044,0.021,1.066,3.54,2.563,3.05
1374,21.552,-0.047,0.022,1.072,4.333,2.625,3.35
1375,21.563,-0.032,0.008,1.09,3.967,2.502,3.35
1376,21.574,-0.045,0.021,1.091,3.845,2.563,3.29
1377,21.585,-0.053,0.017,1.096,4.15,2.808,3.29
1378,21.596,-0.041,0.019,1.081,3.601,2.441,3.23
1379,21.607,-0.047,0.021,1.072,3.906,2.502,3.05
1380,21.618,-0.051,0.029,1.076,4.395,2.686,3.54
1381,21.629,-0.047,0.028,1.071,4.15,2.686,3.35
1382,21.64,-0.053,0.015,1.092,4.15,2.502,4.21
1383,21.651,-0.038,0.019,1.077,4.578,2.869,3.29
1384,21.662,-0.048,0.022,1.084,4.272,2.014,3.17
1385,21.673,-0.048,0.019,1.066,4.578,2.502,3.72
1386,21.684,-0.044,0.011,1.073,4.089,2.441,3.17
1387,21.695,-0.038,0.02,1.078,3.967,2.808,3.6
1388,21.706,-0.038,0.022,1.077,3.784,2.563,3.66
1389,21.717,-0.066,0.016,1.094,4.028,2.441,3.35
1390,21.728,-0.039,0.02,1.102,4.211,2.686,3.17
1391,21.739,-0.036,0.023,1.075,4.028,2.502,2.62
1392,21.75,-0.062,0.015,1.072,4.15,2.258,2.99
1393,21.761,-0.042,0.009,1.064,3.845,2.258,3.35
1394,21.772,-0.056,0.015,1.088,3.967,2.625,3.23
1395,21.783,-0.04,0.037,1.082,3.845,2.625,3.29
1396,21.794,-0.041,0.029,1.092,3.845,2.808,3.35
1397,21.805,-0.036,0.016,1.08,4.272,2.747,3.17
1398,21.816,-0.059,0.02,1.094,4.333,2.563,3.29
1399,21.827,-0.033,0.014,1.082,4.089,2.93,3.84
1400,21.838,-0.037,0.018,1.067,4.517,2.869,3.41
1401,21.849,-0.048,0.018,1.087,4.272,2.747,3.35
1402,21.86,-0.04,0.014,1.086,4.15,2.197,3.41
1403,21.871,-0.052,0.008,1.072,3.845,2.075,3.05
1404,21.882,-0.046,0.019,1.082,4.089,2.197,3.41
1405,21.893,-0.038,0.028,1.066,4.578,2.991,3.72
1406,21.904,-0.057,0.028,1.073,3.845,2.625,3.11
1407,21.915,-0.047,0.034,1.099,4.7,2.747,2.93
1408,21.926,-0.057,0.014,1.087,3.845,2.441,3.23
1409,21.937,-0.052,0.022,1.077,4.333,2.075,3.54
1410,21.948,-0.043,0.009,1.09,4.333,2.869,3.41
1411,21.959,-0.05,0.013,1.074,4.333,2.808,3.35
1412,21.97,-0.056,0.008,1.074,4.333,2.686,3.35
1413,21.981,-0.048,0.01,1.082,4.395,2.747,3.72
1414,21.992,-0.044,0.015,1.075,4.211,2.625,3.23
1415,22.003,-0.046,0.024,1.09,4.272,2.502,3.54
1416,22.014,-0.052,0.009,1.073,4.028,2.625,3.23
1417,22.025,-0.058,0.008,1.071,4.15,2.441,3.11
1418,22.036,-0.033,0.006,1.083,4.395,2.869,3.6
1419,22.047,-0.069,0.008,1.078,3.784,2.319,3.41
1420,22.058,-0.044,0.019,1.092,4.211,2.258,3.29
1421,22.069,-0.037,0.015,1.092,4.395,2.686,3.05
1422,22.08,-0.049,0.013,1.07,4.15,2.319,3.47
1423,22.091,-0.034,0.028,1.063,4.333,2.93,3.23
1424,22.102,-0.037,0.031,1.077,4.456,2.563,3.11
1425,22.113,-0.059,0.017,1.066,4.272,2.502,3.78
1426,22.124,-0.041,0.022,1.087,4.395,2.686,3.41
1427,22.135,-0.056,0.018,1.08,4.395,2.502,3.17
1428,22.146,-0.051,-0.003,1.086,4.15,2.686,3.05
1429,22.157,-0.048,0.028,1.054,4.089,2.441,3.23
1430,22.168,-0.043,0.02,1.066,4.089,2.258,2.99
1431,22.179,-0.04,0.036,1.067,4.395,2.869,2.68
1432,22.19,-0.036,0.022,1.072,4.822,2.258,3.41
1433,22.201,-0.042,0.021,1.066,3.784,1.892,3.11
1434,22.212,-0.047,0.01,1.071,4.272,3.052,3.35
1435,22.223,-0.037,0.014,1.066,4.15,2.747,2.74
1436,22.234,-0.046,0.017,1.082,4.272,2.441,3.05
1437,22.245,-0.033,0.009,1.088,4.395,2.38,3.54
1438,22.256,-0.042,0.019,1.081,4.15,2.075,3.84
1439,22.267,-0.046,0.013,1.083,4.211,2.502,3.11
1440,22.278,-0.046,0.019,1.073,4.944,3.235,3.23
1441,22.289,-0.052,0.022,1.066,4.211,2.686,3.54
1442,22.3,-0.036,0.025,1.083,4.456,2.502,3.23
1443,22.311,-0.044,0.028,1.091,4.456,2.502,3.47
1444,22.322,-0.05,0.007,1.079,4.211,3.052,3.72
1445,22.333,-0.041,0.02,1.087,4.211,2.502,3.78
1446,22.344,-0.041,0.023,1.081,3.906,2.747,3.17
1447,22.355,-0.032,0.015,1.082,4.211,2.319,3.47
1448,22.366,-0.047,0.02,1.078,4.211,2.38,2.93
1449,22.377,-0.039,0.025,1.09,3.784,2.808,2.99
1450,22.388,-0.055,0.017,1.07,4.028,2.319,3.41
1451,22.399,-0.048,0.03,1.073,3.906,2.38,3.54
1452,22.41,-0.052,0.013,1.077,4.15,2.747,3.6
1453,22.421,-0.058,0.022,1.079,4.456,3.113,3.35
1454,22.432,-0.038,0.024,1.089,3.723,2.869,3.17
1455,22.443,-0.052,0.012,1.083,3.906,2.686,3.9
1456,22.454,-0.039,0.011,1.095,3.845,2.502,3.47
1457,22.465,-0.052,0.012,1.087,4.028,2.563,2.8
1458,22.476,-0.04,0.026,1.067,4.211,2.563,3.29
1459,22.487,-0.044,0.022,1.083,4.456,2.625,3.66
1460,22.498,-0.039,0.013,1.069,4.089,2.625,3.17
1461,22.509,-0.051,0.025,1.077,4.272,2.502,3.35
1462,22.52,-0.044,0.036,1.06,4.272,2.502,2.93
1463,22.531,-0.052,0.021,1.077,4.15,2.686,2.68
1464,22.542,-0.048,0.027,1.08,4.517,2.747,3.66
1465,22.553,-0.041,-0.009,1.088,4.639,2.686,3.54
1466,22.564,-0.044,0.026,1.089,4.333,2.441,3.17
1467,22.575,-0.041,0.029,1.067,3.845,2.502,3.41
1468,22.586,-0.039,0.037,1.07,4.15,2.563,3.29
1469,22.597,-0.042,0.035,1.071,3.967,2.563,3.29
1470,22.608,-0.045,0.017,1.064,3.967,2.197,3.54
1471,22.619,-0.042,0.011,1.089,4.517,2.625,3.6
1472,22.63,-0.052,0.019,1.069,4.333,2.441,3.47
1473,22.641,-0.037,0.033,1.056,4.272,2.747,3.72
1474,22.652,-0.049,0.018,1.098,4.272,2.808,3.41
1475,22.663,-0.047,0.015,1.085,3.906,2.441,3.29
1476,22.674,-0.044,0.026,1.079,4.028,2.441,2.8
1477,22.685,-0.051,0.016,1.077,4.272,2.441,3.11
1478,22.696,-0.036,0.027,1.079,4.272,2.93,3.47
1479,22.707,-0.045,0.016,1.048,4.395,2.502,3.11
1480,22.718,-0.053,0.018,1.071,4.211,2.502,3.54
1481,22.729,-0.037,0.03,1.048,3.662,2.319,3.29
1482,22.74,-0.039,0.03,1.058,3.845,2.502,2.93
1483,22.751,-0.056,0.018,1.074,4.089,2.869,3.6
1484,22.762,-0.055,0.018,1.063,4.272,2.563,3.66
1485,22.773,-0.04,0.018,1.072,4.15,2.502,3.47
1486,22.784,-0.036,0.025,1.091,4.028,2.625,3.35
1487,22.795,-0.048,0.011,1.064,4.395,2.502,3.72
1488,22.806,-0.038,0.024,1.089,4.028,2.38,3.41
1489,22.817,-0.055,0.024,1.084,4.15,2.686,3.47
1490,22.828,-0.042,0.028,1.088,4.211,2.38,3.41
1491,22.839,-0.044,0.025,1.074,3.601,2.014,3.11
1492,22.85,-0.047,0.015,1.09,3.662,2.319,3.11
1493,22.861,-0.053,0.032,1.077,4.15,2.686,3.11
1494,22.872,-0.041,0.019,1.072,4.395,2.258,3.05
1495,22.883,-0.031,0.013,1.092,3.662,2.686,3.41
1496,22.894,-0.05,0.014,1.1,4.456,2.441,3.35
1497,22.905,-0.043,0.017,1.076,4.517,2.136,4.02
1498,22.916,-0.046,0.023,1.082,4.211,2.258,3.66
1499,22.927,-0.045,0.029,1.051,4.578,2.869,3.54
1500,22.938,-0.031,0.035,1.066,3.723,2.502,3.11
1501,22.949,-0.034,0.029,1.047,3.845,2.502,3.17
1502,22.96,-0.055,0.014,1.075,4.089,2.808,3.11
1503,22.971,-0.049,0.019,1.083,4.517,2.686,3.54
1504,22.982,-0.05,0.022,1.094,4.15,2.563,3.23
1505,22.993,-0.037,0.014,1.066,4.028,2.441,3.47
1506,23.004,-0.052,0.01,1.079,4.028,2.38,3.41
1507,23.015,-0.038,0.027,1.077,4.272,2.747,3.66
1508,23.026,-0.052,0.01,1.092,4.517,2.258,3.6
1509,23.037,-0.053,0.026,1.078,4.211,2.808,2.86
1510,23.048,-0.052,0.035,1.062,4.211,2.869,3.05
1511,23.059,-0.048,0.02,1.075,4.211,2.625,3.6
1512,23.07,-0.052,0.024,1.085,4.456,2.625,3.41
1513,23.081,-0.052,0.014,1.075,3.967,2.686,3.29
1514,23.092,-0.043,0.021,1.079,4.089,3.113,3.11
1515,23.103,-0.042,0.02,1.081,4.272,2.808,3.47
1516,23.114,-0.042,0.014,1.09,3.845,2.686,3.47
1517,23.125,-0.045,0.016,1.076,4.333,2.747,3.11
1518,23.136,-0.036,0.021,1.065,4.7,2.686,3.17
1519,23.147,-0.04,0.021,1.07,3.906,2.686,3.35
1520,23.158,-0.054,0.01,1.083,3.662,2.319,2.86
1521,23.169,-0.058,0.023,1.091,4.578,2.441,3.35
1522,23.18,-0.037,0.016,1.084,3.54,2.502,3.54
1523,23.191,-0.048,0.028,1.097,4.272,2.747,3.47
1524,23.202,-0.056,0.008,1.095,4.456,2.38,3.66
1525,23.213,-0.023,0.027,1.076,3.662,2.93,3.11
1526,23.224,-0.047,0.019,1.098,4.211,2.686,3.05
1527,23.235,-0.051,0.025,1.074,4.578,2.502,3.6
1528,23.246,-0.048,0.027,1.056,4.15,2.38,3.35
1529,23.257,-0.049,0.026,1.054,4.211,2.441,3.23
1530,23.268,-0.039,0.018,1.066,3.784,2.502,3.17
1531,23.279,-0.05,0.023,1.053,4.272,2.502,3.29
1532,23.29,-0.041,0.03,1.077,4.15,3.113,2.99
1533,23.301,-0.046,0.018,1.073,4.333,2.686,3.54
1534,23.312,-0.051,0.005,1.083,4.211,2.258,3.23
1535,23.323,-0.049,0.021,1.066,3.845,2.625,3.05
1536,23.334,-0.04,0.031,1.077,4.211,2.93,3.23
1537,23.345,-0.055,0.019,1.063,4.15,2.502,3.23
1538,23.356,-0.039,0.033,1.081,4.272,2.869,3.35
1539,23.367,-0.048,0.018,1.08,4.15,2.747,3.54
1540,23.378,-0.042,0.024,1.073,4.028,2.136,3.29
1541,23.389,-0.036,0.018,1.069,4.395,2.441,3.17
1542,23.4,-0.04,0.006,1.089,3.784,2.38,3.05
1543,23.411,-0.035,0.02,1.075,4.761,2.991,3.54
1544,23.422,-0.045,0.002,1.087,4.456,2.441,3.6
1545,23.433,-0.048,0.015,1.072,4.028,2.686,3.47
1546,23.444,-0.051,0.024,1.087,4.272,2.136,3.54
1547,23.455,-0.056,0.007,1.08,3.967,2.319,3.9
1548,23.466,-0.035,0.034,1.063,4.333,2.014,3.41
1549,23.477,-0.04,0.015,1.07,4.517,2.441,3.11
1550,23.488,-0.046,0.024,1.068,4.822,2.808,3.54
1551,23.499,-0.045,0.025,1.085,4.15,2.441,2.86
1552,23.51,-0.049,0.023,1.098,4.089,2.197,3.41
1553,23.521,-0.044,0.026,1.09,4.333,2.502,3.54
1554,23.532,-0.041,0.027,1.083,3.723,2.502,3.17
1555,23.543,-0.046,0.01,1.065,4.089,2.563,3.54
1556,23.554,-0.048,0.022,1.077,4.028,2.38,3.54
1557,23.565,-0.059,0.011,1.075,3.967,2.258,3.11
1558,23.576,-0.051,0.018,1.07,4.639,2.38,3.11
1559,23.587,-0.054,0.033,1.064,4.028,2.441,3.41
1560,23.598,-0.032,0.019,1.063,4.395,2.808,3.6
1561,23.609,-0.041,0.018,1.065,4.333,2.747,3.47
1562,23.62,-0.045,0.035,1.069,3.723,2.319,3.05
1563,23.631,-0.054,0.008,1.078,3.967,2.136,3.47
1564,23.642,-0.049,0.021,1.074,4.272,2.808,3.47
1565,23.653,-0.043,0.018,1.088,4.333,2.869,3.29
1566,23.664,-0.044,0.033,1.077,3.906,2.319,3.23
1567,23.675,-0.043,0.007,1.073,4.761,2.747,3.47
1568,23.686,-0.038,0.024,1.082,3.784,2.38,3.11
1569,23.697,-0.047,0.015,1.069,4.333,2.686,3.23
1570,23.708,-0.044,0.024,1.085,3.906,2.625,3.23
1571,23.719,-0.052,0.018,1.089,4.15,2.563,3.35
1572,23.73,-0.054,0.025,1.072,3.784,2.441,3.41
1573,23.741,-0.043,0.021,1.074,3.906,2.93,3.23
1574,23.752,-0.039,0.022,1.065,4.028,2.625,3.11
1575,23.763,-0.049,0.012,1.08,3.784,2.747,3.6
1576,23.774,-0.043,0.012,1.093,4.089,2.441,3.41
1577,23.785,-0.046,0.022,1.082,3.723,2.136,3.54
1578,23.796,-0.05,0.016,1.073,4.211,2.441,2.86
1579,23.807,-0.06,0.017,1.07,4.272,2.502,3.54
1580,23.818,-0.046,0.02,1.07,4.395,2.197,3.35
1581,23.829,-0.048,0.009,1.076,4.028,2.502,3.23
1582,23.84,-0.043,0.027,1.084,4.517,2.686,3.6
1583,23.851,-0.047,0.02,1.085,3.906,2.808,3.78
1584,23.862,-0.046,0.008,1.091,4.456,2.869,3.41
1585,23.873,-0.041,0.02,1.1,4.333,2.747,3.6
1586,23.884,-0.029,0.028,1.078,3.662,2.502,3.47
1587,23.895,-0.047,0.013,1.083,4.15,2.197,3.41
1588,23.906,-0.045,0.022,1.084,3.54,2.014,3.17
1589,23.917,-0.045,0.024,1.055,4.395,2.38,3.66
1590,23.928,-0.042,0.019,1.065,4.15,2.625,3.54
1591,23.939,-0.043,0.031,1.072,3.906,2.869,3.17
1592,23.95,-0.034,0.009,1.073,4.272,2.075,3.35
1593,23.961,-0.041,0.014,1.076,4.333,2.869,3.35
1594,23.972,-0.058,0.025,1.092,4.333,2.93,3.47
1595,23.983,-0.051,0.013,1.088,4.089,2.502,3.11
1596,23.994,-0.035,0.011,1.078,4.333,2.991,3.29
1597,24.005,-0.034,0.007,1.076,4.028,2.563,3.17
1598,24.016,-0.042,0.023,1.052,4.211,2.441,3.78
1599,24.027,-0.059,0.015,1.08,3.845,2.441,3.29
1600,24.038,-0.063,0.037,1.079,4.089,2.747,3.11
1601,24.049,-0.041,0.028,1.071,4.15,2.747,3.6
1602,24.06,-0.053,0.017,1.076,4.028,2.869,3.41
1603,24.071,-0.044,0.021,1.078,3.967,2.319,3.11
1604,24.082,-0.041,0.013,1.088,4.456,2.625,3.47
1605,24.093,-0.049,0.008,1.076,4.333,2.686,3.11
1606,24.104,-0.031,0.015,1.087,4.089,2.563,3.35
1607,24.115,-0.044,0.003,1.079,4.395,3.052,3.47
1608,24.126,-0.038,0.014,1.086,4.578,2.625,3.35
1609,24.137,-0.045,0.017,1.07,4.333,2.686,3.47
1610,24.148,-0.046,0.031,1.078,4.272,2.319,3.29
1611,24.159,-0.038,0.024,1.087,4.089,2.197,3.35
1612,24.17,-0.042,0.018,1.064,4.822,2.686,3.66
1613,24.181,-0.055,0.023,1.09,4.15,2.563,3.66
1614,24.192,-0.038,0.022,1.078,4.578,2.869,3.54
1615,24.203,-0.042,0.027,1.062,3.906,2.686,3.23
1616,24.214,-0.046,0.021,1.087,3.784,1.953,3.72
1617,24.225,-0.032,0.029,1.077,4.028,2.93,3.78
1618,24.236,-0.034,0.035,1.076,4.089,2.686,2.86
1619,24.247,-0.057,0.026,1.071,3.906,2.319,3.78
1620,24.258,-0.044,0.03,1.081,4.333,3.174,3.17
1621,24.269,-0.04,0.02,1.082,3.662,2.686,3.35
1622,24.28,-0.041,0.013,1.07,4.028,2.014,3.9
1623,24.291,-0.034,0.01,1.092,3.662,2.563,3.17
1624,24.302,-0.036,0.02,1.091,3.967,2.502,3.47
1625,24.313,-0.047,0.02,1.087,4.272,2.563,3.11
1626,24.324,-0.038,0.025,1.093,4.15,2.502,3.41
1627,24.335,-0.047,0.024,1.07,4.639,2.747,3.29
1628,24.346,-0.033,0.019,1.079,3.967,2.502,3.17
1629,24.357,-0.045,0.029,1.065,4.456,2.808,3.54
1630,24.368,-0.044,0.017,1.073,3.845,2.502,3.29
1631,24.379,-0.037,0.026,1.066,3.845,2.441,3.66
1632,24.39,-0.055,0.001,1.091,3.967,2.258,3.23
1633,24.401,-0.044,0.016,1.098,3.967,2.563,3.05
1634,24.412,-0.05,0.017,1.099,4.15,2.686,3.72
1635,24.423,-0.054,0.012,1.08,3.967,2.441,3.17
1636,24.434,-0.045,0.019,1.076,4.761,2.319,3.6
1637,24.445,-0.045,0.016,1.077,4.15,2.625,3.35
1638,24.456,-0.033,0.011,1.076,4.456,2.502,3.29
1639,24.467,-0.052,0.026,1.065,4.456,2.441,3.17
1640,24.478,-0.053,0.009,1.064,4.211,2.136,3.35
1641,24.489,-0.062,0.032,1.082,4.395,2.747,3.41
1642,24.5,-0.055,0.012,1.088,4.089,2.625,3.41
1643,24.511,-0.057,0.018,1.06,3.845,2.625,3.29
1644,24.522,-0.041,0.011,1.092,4.578,2.197,3.54
1645,24.533,-0.053,0.013,1.078,4.089,2.808,3.47
1646,24.544,-0.038,0.023,1.065,4.944,2.563,3.78
1647,24.555,-0.052,0.014,1.092,4.089,2.563,3.54
1648,24.566,-0.054,0.026,1.084,3.967,2.563,3.29
1649,24.577,-0.027,0.013,1.065,4.272,3.174,3.41
1650,24.588,-0.046,0.022,1.071,4.272,2.441,3.17
1651,24.599,-0.046,0.019,1.08,4.333,2.686,3.35
1652,24.61,-0.042,0.016,1.079,4.272,2.502,3.72
1653,24.621,-0.033,0.027,1.07,4.517,2.93,3.41
1654,24.632,-0.048,0.023,1.094,4.15,2.502,3.6
1655,24.643,-0.046,0.016,1.083,4.028,2.625,3.9
1656,24.654,-0.04,0.019,1.066,4.456,2.319,3.41
1657,24.665,-0.038,0.019,1.078,4.395,2.808,3.47
1658,24.676,-0.042,0.022,1.066,3.967,2.563,3.54
1659,24.687,-0.055,0.045,1.06,4.089,2.747,3.54
1660,24.698,-0.055,0.015,1.073,4.15,2.686,3.17
1661,24.709,-0.049,0.008,1.082,3.906,2.563,2.93
1662,24.72,-0.037,0.022,1.064,4.333,2.319,2.99
1663,24.731,-0.037,0.01,1.083,4.395,2.747,3.54
1664,24.742,-0.039,0.007,1.102,4.089,2.563,3.35
1665,24.753,-0.054,0.016,1.088,3.601,2.625,3.54
1666,24.764,-0.046,0.028,1.098,4.7,2.319,3.23
1667,24.775,-0.029,0.031,1.075,4.333,3.052,3.35
1668,24.786,-0.039,0.03,1.061,4.578,2.625,3.47
1669,24.797,-0.044,0.011,1.056,4.028,2.014,3.41
1670,24.808,-0.055,0.029,1.084,4.15,3.052,3.6
1671,24.819,-0.05,0.028,1.063,4.639,2.197,3.54
1672,24.83,-0.044,0.032,1.076,4.211,2.747,3.11
1673,24.841,-0.039,0.02,1.075,3.845,2.563,3.05
1674,24.852,-0.048,0.0,1.085,4.395,2.502,3.41
1675,24.863,-0.053,0.02,1.075,3.906,2.441,3.47
1676,24.874,-0.045,0.017,1.065,3.906,2.38,3.54
1677,24.885,-0.057,0.01,1.06,4.211,2.747,3.23
1678,24.896,-0.044,0.018,1.061,3.967,2.991,3.05
1679,24.907,-0.048,0.004,1.056,4.456,2.197,3.47
1680,24.918,-0.051,0.009,1.062,4.333,2.441,3.54
1681,24.929,-0.051,0.022,1.068,4.15,2.38,3.29
1682,24.94,-0.042,0.021,1.077,4.639,2.686,3.54
1683,24.951,-0.043,0.014,1.09,4.028,2.625,3.11
1684,24.962,-0.048,0.029,1.09,3.967,2.38,3.11
1685,24.973,-0.047,0.021,1.084,4.333,2.747,3.41
1686,24.984,-0.05,0.028,1.062,4.578,2.747,3.41
1687,24.995,-0.04,0.01,1.069,4.395,2.625,3.47
1688,25.006,-0.042,0.028,1.084,4.211,2.441,3.11
1689,25.017,-0.055,0.005,1.067,4.211,3.113,3.35
1690,25.028,-0.044,0.027,1.076,4.089,2.563,3.41
1691,25.039,-0.053,0.036,1.072,4.15,2.563,3.29
1692,25.05,-0.042,0.024,1.081,3.967,2.014,3.11
1693,25.061,-0.045,0.016,1.093,4.517,2.808,4.02
1694,25.072,-0.051,0.02,1.073,4.578,2.93,3.17
1695,25.083,-0.032,0.011,1.085,4.15,2.258,2.99
1696,25.094,-0.042,0.025,1.089,4.028,2.625,3.54
1697,25.105,-0.039,0.009,1.092,3.784,2.38,3.29
1698,25.116,-0.042,0.029,1.078,4.395,2.747,3.29
1699,25.127,-0.039,0.012,1.071,4.272,2.747,2.93
1700,25.138,-0.045,0.02,1.083,3.967,2.38,3.84
1701,25.149,-0.052,0.005,1.087,4.211,2.502,2.99
1702,25.16,-0.032,0.018,1.105,4.517,2.625,3.05
1703,25.171,-0.037,0.016,1.089,4.211,2.563,3.41
1704,25.182,-0.064,0.012,1.085,4.333,2.563,3.66
1705,25.193,-0.036,0.017,1.083,3.662,2.197,3.41
1706,25.204,-0.052,0.014,1.066,3.601,2.563,3.05
1707,25.215,-0.047,0.022,1.08,4.028,2.441,3.78
1708,25.226,-0.051,0.018,1.088,4.15,2.686,3.29
1709,25.237,-0.048,0.017,1.066,4.089,2.441,3.41
1710,25.248,-0.042,0.014,1.084,4.028,2.441,3.72
1711,25.259,-0.043,0.021,1.065,3.784,2.38,3.35
1712,25.27,-0.048,0.023,1.084,4.272,2.686,3.41
1713,25.281,-0.045,0.022,1.087,3.906,2.625,3.6
1714,25.292,-0.035,0.009,1.08,4.272,2.319,3.41
1715,25.303,-0.043,0.032,1.093,3.723,2.319,3.05
1716,25.314,-0.038,0.023,1.066,4.272,2.38,3.05
1717,25.325,-0.041,0.015,1.083,4.333,2.258,3.05
1718,25.336,-0.043,0.026,1.055,3.723,2.869,3.47
1719,25.347,-0.048,0.018,1.073,4.272,2.563,3.47
1720,25.358,-0.034,0.026,1.087,4.272,2.808,3.29
1721,25.369,-0.053,0.035,1.077,3.967,2.686,3.05
1722,25.38,-0.034,0.023,1.082,4.578,2.441,3.72
1723,25.391,-0.037,0.012,1.077,4.639,2.686,3.41
1724,25.402,-0.056,0.034,1.067,3.906,2.441,3.17
1725,25.413,-0.045,0.02,1.076,4.639,2.502,3.41
1726,25.424,-0.044,0.017,1.096,4.395,2.686,3.96
1727,25.435,-0.038,0.026,1.072,3.845,2.625,2.99
1728,25.446,-0.049,0.025,1.079,4.395,3.052,3.11
1729,25.457,-0.05,0.016,1.073,4.15,2.563,3.05
1730,25.468,-0.049,0.021,1.086,4.15,2.747,3.6
1731,25.479,-0.046,0.018,1.092,3.967,2.93,3.23
1732,25.49,-0.038,0.031,1.085,4.028,2.258,3.6
1733,25.501,-0.05,0.018,1.103,4.395,2.319,3.11
1734,25.512,-0.041,0.018,1.085,4.15,2.869,3.47
1735,25.523,-0.043,0.029,1.07,4.089,2.319,3.11
1736,25.534,-0.037,0.034,1.076,4.517,2.319,3.35
1737,25.545,-0.053,0.022,1.054,4.089,2.258,3.23
1738,25.556,-0.06,0.022,1.064,4.333,2.563,3.72
1739,25.567,-0.052,0.024,1.083,4.211,2.869,3.17
1740,25.578,-0.051,0.014,1.069,4.333,2.563,2.74
1741,25.589,-0.042,0.013,1.066,4.089,2.38,3.17
1742,25.6,-0.051,0.022,1.083,3.54,2.869,3.54
1743,25.611,-0.037,0.025,1.071,3.967,2.869,3.78
1744,25.622,-0.057,0.008,1.09,4.456,2.502,2.8
1745,25.633,-0.053,0.004,1.104,3.906,2.441,3.29
1746,25.644,-0.063,0.019,1.083,4.211,2.258,3.11
1747,25.655,-0.03,0.021,1.072,4.639,2.686,3.66
1748,25.666,-0.033,0.029,1.087,4.028,2.808,3.41
1749,25.677,-0.041,0.018,1.063,4.028,2.869,3.29
1750,25.688,-0.036,0.025,1.073,4.089,2.93,3.6
1751,25.699,-0.04,0.005,1.096,3.662,1.953,3.84
1752,25.71,-0.036,0.013,1.072,4.272,2.197,3.6
1753,25.721,-0.043,0.024,1.09,4.333,2.563,3.54
1754,25.732,-0.046,0.021,1.082,4.395,2.625,3.29
1755,25.743,-0.044,0.022,1.052,3.906,2.93,3.47
1756,25.754,-0.032,0.019,1.077,4.089,2.808,3.54
1757,25.765,-0.054,0.011,1.071,3.723,2.686,3.54
1758,25.776,-0.051,0.015,1.07,4.395,2.747,3.23
1759,25.787,-0.037,0.026,1.071,3.845,2.686,3.29
1760,25.798,-0.046,0.015,1.077,4.211,2.808,3.23
1761,25.809,-0.049,0.022,1.083,3.967,3.235,3.35
1762,25.82,-0.045,0.014,1.086,4.15,2.869,3.47
1763,25.831,-0.047,0.021,1.103,4.395,2.502,3.11
1764,25.842,-0.046,0.031,1.081,4.517,2.38,3.23
1765,25.853,-0.065,0.014,1.052,4.272,2.93,2.93
1766,25.864,-0.042,0.034,1.06,4.211,2.686,3.78
1767,25.875,-0.045,0.023,1.06,4.517,2.625,2.8
1768,25.886,-0.051,0.023,1.067,3.601,2.563,3.47
1769,25.897,-0.038,0.02,1.088,4.211,2.319,3.11
1770,25.908,-0.05,0.014,1.079,4.211,2.625,3.11
1771,25.919,-0.038,0.019,1.065,4.028,2.258,2.68
1772,25.93,-0.051,0.019,1.08,4.211,2.808,3.23
1773,25.941,-0.046,0.026,1.073,4.211,2.502,3.05
1774,25.952,-0.041,0.02,1.07,4.272,2.93,3.29
1775,25.963,-0.047,0.022,1.096,4.578,2.38,3.6
1776,25.974,-0.055,0.021,1.055,4.028,2.502,3.23
1777,25.985,-0.047,0.024,1.067,4.089,2.625,3.6
1778,25.996,-0.039,0.012,1.052,4.15,2.625,2.93
1779,26.007,-0.053,0.026,1.069,4.456,2.502,3.17
1780,26.018,-0.044,0.019,1.079,4.761,2.625,3.78
1781,26.029,-0.043,0.016,1.095,4.15,2.319,3.23
1782,26.04,-0.051,0.023,1.085,3.906,2.502,3.41
1783,26.051,-0.041,0.015,1.069,4.028,2.075,3.35
1784,26.062,-0.032,0.025,1.075,4.028,2.197,3.35
1785,26.073,-0.044,0.01,1.061,4.7,2.991,3.23
1786,26.084,-0.05,0.024,1.061,4.089,2.686,3.66
1787,26.095,-0.042,0.019,1.094,3.723,2.319,3.41
1788,26.106,-0.048,0.024,1.069,4.089,2.38,3.23
1789,26.117,-0.054,0.008,1.095,4.639,2.563,3.35
1790,26.128,-0.037,0.03,1.067,3.906,2.625,3.6
1791,26.139,-0.036,0.013,1.086,4.395,2.502,3.41
1792,26.15,-0.044,0.019,1.079,4.15,3.052,3.41
1793,26.161,-0.034,0.026,1.092,4.089,3.052,3.35
1794,26.172,-0.05,0.011,1.097,3.967,2.38,3.35
1795,26.183,-0.031,0.021,1.08,4.395,2.991,3.54
1796,26.194,-0.046,0.019,1.068,3.967,2.38,3.05
1797,26.205,-0.038,0.006,1.082,4.333,2.991,3.29
1798,26.216,-0.055,0.022,1.092,3.723,2.686,3.47
1799,26.227,-0.043,0.03,1.075,4.517,2.258,3.29
1800,26.238,-0.038,0.026,1.089,4.333,2.197,3.23
1801,26.249,-0.034,0.027,1.09,4.578,2.808,3.35
1802,26.26,-0.029,0.024,1.063,4.028,2.747,3.29
1803,26.271,-0.05,0.013,1.077,3.967,2.869,3.29
1804,26.282,-0.047,0.022,1.068,4.211,2.014,3.6
1805,26.293,-0.052,0.009,1.093,4.456,2.625,3.47
1806,26.304,-0.046,0.017,1.073,4.578,2.93,3.29
1807,26.315,-0.051,0.013,1.068,4.272,2.686,3.17
1808,26.326,-0.032,0.023,1.073,4.639,2.747,3.47
1809,26.337,-0.052,0.018,1.096,4.15,2.686,3.54
1810,26.348,-0.065,0.013,1.087,4.089,2.808,3.41
1811,26.359,-0.034,0.013,1.084,4.333,2.502,3.41
1812,26.37,-0.052,0.022,1.086,4.272,2.808,3.17
1813,26.381,-0.038,0.027,1.064,4.089,2.625,3.6
1814,26.392,-0.036,0.016,1.077,3.967,2.686,3.17
1815,26.403,-0.042,0.028,1.079,3.845,2.93,3.23
1816,26.414,-0.043,0.027,1.07,4.15,2.319,3.29
1817,26.425,-0.043,0.016,1.064,4.456,2.502,3.72
1818,26.436,-0.028,0.017,1.083,4.333,2.258,3.47
1819,26.447,-0.047,0.024,1.081,4.7,2.93,3.41
1820,26.458,-0.04,0.007,1.074,3.784,2.197,3.54
1821,26.469,-0.031,0.023,1.082,4.211,2.319,3.41
1822,26.48,-0.051,0.028,1.075,4.15,2.38,2.99
1823,26.491,-0.052,0.03,1.081,3.845,2.686,3.11
1824,26.502,-0.056,0.025,1.066,4.517,2.441,2.99
1825,26.513,-0.039,0.031,1.058,4.211,3.235,3.9
1826,26.524,-0.045,0.014,1.096,4.272,2.869,3.35
1827,26.535,-0.052,0.026,1.065,4.272,2.258,3.17
1828,26.546,-0.052,0.021,1.067,4.395,2.686,3.54
1829,26.557,-0.048,0.011,1.073,4.272,2.319,3.29
1830,26.568,-0.034,0.021,1.073,4.395,2.625,3.17
1831,26.579,-0.04,0.024,1.082,4.211,2.563,2.93
1832,26.59,-0.042,0.012,1.091,4.15,2.563,3.11
1833,26.601,-0.043,0.017,1.085,4.639,2.38,3.41
1834,26.612,-0.052,0.02,1.048,3.906,2.319,3.6
1835,26.623,-0.047,0.014,1.075,3.784,2.563,3.35
1836,26.634,-0.046,0.025,1.071,4.456,2.625,3.6
1837,26.645,-0.034,0.017,1.058,4.089,2.319,3.17
1838,26.656,-0.043,0.012,1.078,3.784,2.686,2.99
1839,26.667,-0.055,0.024,1.072,3.967,3.052,3.23
1840,26.678,-0.036,0.018,1.089,3.662,2.625,3.35
1841,26.689,-0.03,0.018,1.083,4.272,2.38,3.96
1842,26.7,-0.043,0.039,1.074,4.028,2.502,3.35
1843,26.711,-0.047,0.016,1.066,4.456,2.686,3.35
1844,26.722,-0.038,0.014,1.08,4.089,2.441,2.93
1845,26.733,-0.052,0.014,1.082,3.662,1.77,3.35
1846,26.744,-0.043,0.028,1.055,4.395,2.563,3.17
1847,26.755,-0.039,0.026,1.079,4.272,2.808,3.35
1848,26.766,-0.036,0.019,1.082,4.883,2.747,3.54
1849,26.777,-0.051,0.024,1.103,4.7,2.136,2.86
1850,26.788,-0.042,0.02,1.092,4.517,2.686,3.41
1851,26.799,-0.046,0.031,1.068,3.784,2.747,3.41
1852,26.81,-0.056,0.011,1.079,4.578,2.502,3.29
1853,26.821,-0.046,0.029,1.077,4.333,2.197,3.29
1854,26.832,-0.042,0.022,1.062,4.089,2.686,3.54
1855,26.843,-0.048,0.023,1.071,4.578,2.93,3.17
1856,26.854,-0.044,0.018,1.075,4.456,2.869,3.66
1857,26.865,-0.059,0.021,1.078,4.883,2.93,3.47
1858,26.876,-0.054,0.015,1.081,4.517,2.686,3.6
1859,26.887,-0.032,0.024,1.076,3.906,2.747,3.47
1860,26.898,-0.052,0.015,1.079,4.089,2.136,3.29
1861,26.909,-0.031,0.012,1.08,4.333,2.502,3.29
1862,26.92,-0.04,0.022,1.085,4.211,2.258,3.29
1863,26.931,-0.048,0.019,1.073,4.211,2.441,3.66
1864,26.942,-0.049,0.021,1.083,4.395,2.686,3.41
1865,26.953,-0.046,0.02,1.079,4.272,2.625,3.66
1866,26.964,-0.062,0.017,1.074,4.089,2.136,3.6
1867,26.975,-0.03,0.028,1.073,4.456,2.93,3.41
1868,26.986,-0.037,0.01,1.063,4.211,2.38,3.05
1869,26.997,-0.045,0.01,1.073,3.845,2.869,2.99
1870,27.008,-0.052,0.013,1.087,4.333,2.441,3.29
1871,27.019,-0.049,0.017,1.073,4.15,2.808,3.35
1872,27.03,-0.059,0.018,1.064,4.028,2.747,3.72
1873,27.041,-0.05,0.033,1.058,3.845,2.136,3.35
1874,27.052,-0.061,0.004,1.076,3.845,2.441,3.23
1875,27.063,-0.051,0.017,1.068,4.15,2.258,3.29
1876,27.074,-0.038,0.004,1.085,3.967,2.441,3.11
1877,27.085,-0.038,0.009,1.083,3.845,2.502,3.41
1878,27.096,-0.047,0.01,1.074,4.456,2.441,3.54
1879,27.107,-0.039,0.036,1.07,4.211,2.563,2.86
1880,27.118,-0.046,0.021,1.065,4.089,2.563,3.47
1881,27.129,-0.043,0.025,1.07,4.272,2.197,2.86
1882,27.14,-0.039,0.02,1.089,3.784,2.258,3.35
1883,27.151,-0.044,0.016,1.077,4.517,2.625,3.78
1884,27.162,-0.045,0.021,1.086,4.578,2.808,3.41
1885,27.173,-0.041,0.023,1.074,4.333,2.93,3.6
1886,27.184,-0.047,0.013,1.073,4.028,2.686,3.66
1887,27.195,-0.037,0.026,1.07,4.089,2.014,3.41
1888,27.206,-0.044,0.02,1.09,4.639,2.563,3.47
1889,27.217,-0.053,0.017,1.077,3.723,2.441,3.17
1890,27.228,-0.044,0.014,1.071,4.15,2.808,3.17
1891,27.239,-0.047,0.033,1.083,4.944,2.563,3.84
1892,27.25,-0.064,0.015,1.066,4.028,2.319,2.99
1893,27.261,-0.037,0.02,1.076,3.845,2.441,3.05
1894,27.272,-0.064,0.008,1.073,4.15,2.197,3.35
1895,27.283,-0.039,0.031,1.078,3.967,2.441,2.74
1896,27.294,-0.047,0.006,1.078,4.211,2.808,3.29
1897,27.305,-0.048,0.022,1.079,3.906,2.502,3.41
1898,27.316,-0.042,0.02,1.085,3.845,2.747,3.41
1899,27.327,-0.044,0.021,1.062,4.272,2.808,3.41
1900,27.338,-0.03,0.029,1.075,4.333,2.441,2.99
1901,27.349,-0.044,0.01,1.065,4.15,2.869,3.47
1902,27.36,-0.037,0.017,1.061,4.15,2.197,3.11
1903,27.371,-0.052,0.008,1.065,4.395,2.38,3.05
1904,27.382,-0.049,0.02,1.066,4.028,2.441,3.35
1905,27.393,-0.039,0.016,1.065,4.761,2.991,3.35
1906,27.404,-0.043,0.029,1.086,4.089,2.441,3.84
1907,27.415,-0.052,0.009,1.097,3.967,2.075,3.6
1908,27.426,-0.027,0.025,1.08,4.272,2.319,3.41
1909,27.437,-0.051,0.03,1.069,3.967,2.625,2.93
1910,27.448,-0.037,0.019,1.065,3.906,2.686,3.23
1911,27.459,-0.038,0.012,1.083,4.211,2.563,3.11
1912,27.47,-0.039,0.017,1.07,3.967,2.38,3.41
1913,27.481,-0.037,0.011,1.082,3.906,2.441,3.54
1914,27.492,-0.048,0.027,1.074,3.906,2.93,3.47
1915,27.503,-0.043,0.02,1.068,4.395,2.563,3.78
1916,27.514,-0.049,0.011,1.081,3.784,2.563,3.9
1917,27.525,-0.041,0.022,1.065,3.845,2.319,3.23
1918,27.536,-0.044,0.018,1.075,4.211,2.747,3.41
1919,27.547,-0.044,0.025,1.105,4.395,2.93,3.29
1920,27.558,-0.033,0.035,1.08,4.272,2.747,2.99
1921,27.569,-0.027,0.036,1.058,3.845,2.869,2.86
1922,27.58,-0.037,0.039,1.061,4.028,3.113,3.05
1923,27.591,-0.047,0.012,1.072,4.028,2.075,3.29
1924,27.602,-0.041,0.01,1.079,4.333,2.563,3.96
1925,27.613,-0.044,0.021,1.095,4.395,2.625,3.41
1926,27.624,-0.042,0.016,1.083,4.333,2.563,3.29
1927,27.635,-0.053,0.026,1.087,3.723,2.686,3.41
1928,27.646,-0.034,0.01,1.079,4.089,2.625,3.41
1929,27.657,-0.05,0.026,1.066,4.089,2.625,3.17
1930,27.668,-0.053,0.01,1.075,3.906,2.625,3.41
1931,27.679,-0.046,0.031,1.074,4.578,3.052,3.54
1932,27.69,-0.042,0.024,1.062,4.395,2.38,3.23
1933,27.701,-0.048,0.018,1.074,4.211,1.892,3.54
1934,27.712,-0.043,0.019,1.071,4.395,2.563,3.47
1935,27.723,-0.048,0.023,1.073,4.272,2.93,3.41
1936,27.734,-0.047,0.024,1.07,4.333,2.686,3.29
1937,27.745,-0.041,0.02,1.084,3.967,2.136,3.29
1938,27.756,-0.049,0.019,1.079,4.272,2.93,3.35
1939,27.767,-0.027,0.034,1.073,3.723,2.808,3.23
1940,27.778,-0.031,0.022,1.073,3.906,2.747,3.23
1941,27.789,-0.048,0.023,1.065,4.089,2.563,2.86
1942,27.8,-0.055,0.004,1.075,3.967,3.052,3.78
1943,27.811,-0.031,0.027,1.081,4.395,2.686,3.78
1944,27.822,-0.039,0.024,1.085,3.906,2.991,3.6
1945,27.833,-0.042,0.016,1.088,4.211,2.502,3.29
1946,27.844,-0.041,0.012,1.084,4.761,2.869,3.23
1947,27.855,-0.038,0.019,1.079,4.089,2.441,3.47
1948,27.866,-0.042,0.019,1.097,4.028,2.441,3.05
1949,27.877,-0.039,0.019,1.073,4.578,2.625,3.23
1950,27.888,-0.048,0.026,1.082,4.578,2.808,3.35
1951,27.899,-0.032,0.02,1.086,4.395,2.502,3.29
1952,27.91,-0.039,0.01,1.056,3.784,2.441,2.93
1953,27.921,-0.032,0.022,1.066,4.395,2.686,3.47
1954,27.932,-0.05,0.024,1.071,4.089,2.563,3.6
1955,27.943,-0.039,0.035,1.08,3.906,2.502,3.35
1956,27.954,-0.045,0.022,1.087,4.639,3.052,3.6
1957,27.965,-0.042,0.006,1.079,3.784,2.625,2.99
1958,27.976,-0.047,0.016,1.069,4.089,2.441,3.23
1959,27.987,-0.033,0.014,1.077,4.15,2.563,2.68
1960,27.998,-0.033,0.023,1.078,4.333,2.93,3.66
1961,28.009,-0.044,0.02,1.074,4.272,2.502,3.6
1962,28.02,-0.055,0.012,1.092,4.822,2.38,3.47
1963,28.031,-0.045,0.016,1.084,4.211,2.441,3.17
1964,28.042,-0.04,0.024,1.087,4.333,2.686,3.84
1965,28.053,-0.045,0.013,1.095,4.517,2.625,3.54
1966,28.064,-0.039,0.029,1.078,4.272,2.502,3.54
1967,28.075,-0.051,0.023,1.071,4.211,2.808,3.29
1968,28.086,-0.051,0.031,1.072,3.906,2.563,3.9
1969,28.097,-0.038,0.013,1.083,4.211,2.014,3.6
1970,28.108,-0.049,0.021,1.064,4.211,2.747,3.47
1971,28.119,-0.042,0.016,1.071,4.272,2.686,2.93
1972,28.13,-0.042,0.024,1.055,3.845,2.38,3.54
1973,28.141,-0.047,0.02,1.083,4.333,2.869,3.29
1974,28.152,-0.062,0.01,1.09,3.845,3.113,3.05
1975,28.163,-0.036,0.018,1.08,4.089,2.197,3.17
1976,28.174,-0.042,0.027,1.069,4.089,2.686,3.66
1977,28.185,-0.032,0.015,1.086,4.089,2.686,3.41
1978,28.196,-0.041,0.024,1.089,3.845,2.441,3.41
1979,28.207,-0.045,0.031,1.071,4.272,2.686,3.41
1980,28.218,-0.042,0.042,1.069,3.784,2.441,2.86
1981,28.229,-0.051,0.014,1.068,4.089,2.747,3.29
1982,28.24,-0.041,0.024,1.07,3.967,2.93,3.17
1983,28.251,-0.051,0.016,1.071,4.456,2.319,3.41
1984,28.262,-0.048,0.045,1.06,4.028,2.686,3.78
1985,28.273,-0.04,0.009,1.089,4.272,2.563,3.72
1986,28.284,-0.041,0.026,1.097,4.7,2.38,3.23
1987,28.295,-0.043,0.014,1.066,4.028,2.563,3.35
1988,28.306,-0.045,0.017,1.067,3.967,2.93,3.54
1989,28.317,-0.039,0.009,1.083,3.845,2.38,3.17
1990,28.328,-0.032,0.019,1.07,4.089,2.197,3.78
1991,28.339,-0.034,0.024,1.07,3.906,2.808,3.35
1992,28.35,-0.041,0.024,1.078,3.845,2.136,3.47
1993,28.361,-0.054,0.016,1.095,4.089,2.38,3.23
1994,28.372,-0.035,0.02,1.081,4.089,2.502,3.47
1995,28.383,-0.047,0.017,1.101,4.7,2.38,3.66
1996,28.394,-0.062,0.021,1.088,3.723,2.625,3.23
1997,28.405,-0.037,0.024,1.081,3.479,2.625,2.86
1998,28.416,-0.052,0.022,1.081,3.845,2.258,2.99
1999,28.427,-0.04,0.031,1.065,3.967,2.441,3.29
