,data,precalculated,result
0,2.004,0.0,0.0
1,-7.464,0.005,0.005000000000000001
2,7.216,0.02,0.02000021632999784
3,-5.316,0.045,0.044999400070061514
4,-4.486,0.08,0.07999671598147504
5,-3.69,0.125,0.12499124455122401
6,1.747,0.18,0.17999242722323486
7,-1.116,0.245,0.24498629396115712
8,-1.802,0.32,0.3199725474938002
9,5.635,0.405,0.4050110594450229
10,10.122,0.5,0.5001233261543039
11,0.86,0.605,0.6051469435598069
12,-1.197,0.72,0.7201294995555386
13,-3.291,0.845,0.8450401697152448
14,-7.908,0.98,0.9797575067606495
15,7.496,1.125,1.124994454063467
16,2.452,1.28,1.2800589396184803
17,-8.523,1.444,1.4444788765260934
18,-7.486,1.619,1.6187976123578904
19,0.168,1.804,1.803578591859428
20,8.121,1.999,1.999094935105602
21,-4.878,2.203,2.2032465139355244
22,-1.128,2.418,2.417690587419754
23,12.243,2.644,2.6440336162852485
24,6.167,2.88,2.8795914996921286
25,-6.428,3.123,3.122758687846725
26,-1.24,3.377,3.3766769584580953
27,6.584,3.642,3.6422960454501285
28,-4.197,3.915,3.914997907538995
29,10.994,4.202,4.201930509107446
30,-2.607,4.494,4.494473577445399
31,13.044,4.802,4.802446996267174
32,2.62,5.116,5.116445995058538
33,7.304,5.442,5.442305814913196
34,15.105,5.782,5.782033754728788
35,5.968,6.127,6.127252367714827
36,16.065,6.488,6.488267962676441
37,15.652,6.86,6.859536002148161
38,4.842,7.234,7.23372744297248
39,1.692,7.615,7.61508785908683
40,6.961,8.01,8.009941108955065
41,-0.065,8.408,8.408219652492736
42,9.671,8.825,8.824521421801105
43,16.046,9.257,9.256986136974524
44,4.993,9.688,9.68776552543005
45,12.293,10.136,10.136036343855745
46,20.272,10.604,10.60393973406211
47,1.851,11.058,11.058134587300737
48,16.218,11.541,11.54077683574039
49,10.602,12.025,12.024986799005772
50,12.451,12.521,12.521233081524999
51,6.422,13.017,13.01656395767785
52,20.554,13.545,13.545280433710733
53,15.988,14.076,14.07555721859359
54,4.621,14.593,14.592549296192574
55,9.064,15.126,15.12622828379672
56,9.292,15.668,15.668290576398439
57,10.314,16.22,16.22044589331433
58,15.316,16.793,16.792531892986155
59,18.577,17.381,17.38136960018821
60,22.586,17.99,17.98979022820936
61,13.688,18.582,18.582315905575708
62,20.689,19.203,19.20297927500796
63,10.751,19.801,19.801295159700707
64,26.958,20.458,20.45847488255512
65,21.957,21.108,21.108041705160023
66,12.011,21.73,21.730428482157706
67,25.868,22.41,22.40957946553758
68,32.8,23.124,23.123779559072897
69,24.215,23.813,23.813244001710583
70,33.165,24.547,24.547421290200667
71,26.201,25.261,25.260609530485397
72,31.869,26.007,26.006538197694205
73,20.291,26.707,26.706614083266782
74,18.157,27.401,27.401403673214173
75,33.518,28.178,28.17754613345603
76,34.789,28.968,28.96798084497134
77,38.268,29.785,29.784790439615303
78,28.604,30.556,30.555884740863902
79,26.58,31.321,31.32052692706612
80,28.552,32.101,32.10116263949654
81,31.957,32.907,32.90707946930661
82,31.246,33.713,33.71333705913216
83,38.637,34.572,34.5721050193976
84,34.014,35.406,35.40552427579122
85,38.419,36.274,36.27352738643469
86,35.44,37.125,37.1250607919402
87,34.934,37.976,37.97635834524459
88,43.406,38.894,38.89441014837762
89,35.457,39.756,39.75557602603555
90,30.654,40.581,40.58051783301241
91,50.203,41.565,41.565194923594795
92,37.816,42.451,42.45124676476345
93,39.117,43.35,43.34955790765666
94,43.979,44.292,44.29154344756039
95,46.175,45.255,45.2550357880335
96,44.708,46.207,46.206811791030944
97,41.183,47.126,47.12622655718689
98,57.62,48.203,48.20325695537687
99,49.07,49.199,49.1993468159312
100,55.408,50.259,50.25941703109741
101,46.685,51.231,51.23141004191686
102,46.402,52.199,52.19897692708483
103,47.098,53.172,53.17189119540581
104,62.611,54.311,54.31105509792446
105,51.393,55.327,55.32676736214549
106,55.267,56.384,56.383658793156165
107,47.967,57.355,57.354572933957215
108,57.878,58.437,58.43685289475237
109,59.323,59.534,59.533632872850156
110,56.771,60.597,60.59667260660032
111,56.372,61.651,61.65076744617181
112,69.141,62.859,62.85932469247723
113,60.226,63.952,63.952508376063484
114,68.59,65.148,65.14809847408857
115,71.499,66.378,66.377677118281
116,58.191,67.427,67.42752020446945
117,67.101,68.59,68.58967105939915
118,71.016,69.799,69.79905117671008
119,64.534,70.914,70.91360368431275
120,78.197,72.211,72.21088800358595
121,73.688,73.439,73.43896164566533
122,64.461,74.529,74.52857692939915
123,76.147,75.778,75.77779570299359
124,71.187,76.947,76.94708653463309
125,71.972,78.119,78.1191428490625
126,86.947,79.505,79.50495689199117
127,74.005,80.688,80.68832548977853
128,85.556,82.037,82.03726879281666
129,89.67,83.44,83.44022026765822
130,91.619,84.864,84.86414513902218
131,90.264,86.257,86.25737865916635
132,93.574,87.693,87.69254996272772
133,87.753,89.025,89.02488097840802
134,84.242,90.29,90.28971026625898
135,99.074,91.782,91.78187869616713
136,88.872,93.097,93.09673651687275
137,97.928,94.547,94.54743534580128
138,100.691,96.031,96.03126962540374
139,94.079,97.393,97.39257441504868
140,103.948,98.905,98.90547444131947
141,100.146,100.341,100.34095380856593
142,104.463,101.836,101.8355699287402
143,105.91,103.341,103.34059497551327
144,107.671,104.861,104.86119731096001
145,100.101,106.237,106.23653996832243
146,104.17,107.667,107.66713894485252
147,99.696,109.004,109.00441697292602
148,102.772,110.38,110.3798458088634
149,106.726,111.809,111.80883294355247
150,111.04,113.298,113.29772597260737
151,112.555,114.797,114.79687075930643
152,123.351,116.471,116.47132380483754
153,109.697,117.884,117.88407495541915
154,116.424,119.4,119.40038733822719
155,111.098,120.803,120.80305717299652
156,112.38,122.211,122.21136955291234
157,116.936,123.685,123.68460066060672
158,129.283,125.364,125.36440872863082
159,128.925,127.018,127.01843162663103
160,119.19,128.475,128.47473581665625
161,132.105,130.15,130.1495922337398
162,133.7,131.834,131.83387931460928
163,124.135,133.321,133.3212294896345
164,136.988,135.027,135.027204001379
165,132.103,136.622,136.62169191565872
166,146.371,138.461,138.46134405801791
167,136.815,140.101,140.10075464597824
168,140.341,141.785,141.78504297785722
169,144.582,143.527,143.52728017429715
170,154.116,145.426,145.4264118192361
171,146.541,147.16,147.15983509833123
172,142.687,148.798,148.79825830457565
173,145.426,150.466,150.46643151260068
174,151.366,152.225,152.22458345679573
175,149.886,153.932,153.9316391041708
176,153.83,155.691,155.690581128026
177,156.267,157.472,157.47237310306713
178,157.67,159.257,159.25709121546916
179,157.916,161.023,161.02256546649514
180,157.44,162.755,162.75503463899602
181,161.976,164.55,164.550215336518
182,175.198,166.573,166.57345955869175
183,173.685,168.541,168.54137156972791
184,168.556,170.385,170.38498753863738
185,168.168,172.196,172.19586427743806
186,166.232,173.944,173.94445018786885
187,169.742,175.736,175.73558310770454
188,171.085,177.527,177.52723889583953
189,178.7,179.44,179.43981723526264
190,170.674,181.172,181.1715585279952
191,185.626,183.166,183.1658352182717
192,175.298,184.934,184.93382474552925
193,193.174,187.02,187.02045588698255
194,183.544,188.893,188.89297570148145
195,185.373,190.774,190.7739557948343
196,195.337,192.82,192.82013348261773
197,184.426,194.627,194.62720286719826
198,192.479,196.563,196.56316682155617
199,195.004,198.52,198.52007845316555
200,206.707,200.675,200.67494552257256
201,196.043,202.594,202.59373181148828
202,195.23,204.469,204.4688050811277
203,200.038,206.409,206.4091362372289
204,203.782,208.393,208.39347938626804
205,219.849,210.66,210.6597019132146
206,217.168,212.842,212.8424458766472
207,222.986,215.107,215.1067966684348
208,217.306,217.229,217.22936712104672
209,213.411,219.246,219.24588707551558
210,228.781,221.53,221.5301746463676
211,220.844,223.628,223.6284063671735
212,231.887,225.91,225.90970447458466
213,217.541,227.881,227.8806023979864
214,223.175,229.931,229.930836636387
215,222.609,231.939,231.93949803681835
216,223.501,233.935,233.93512972405676
217,233.791,236.1,236.09981413713822
218,233.571,238.228,238.22827662707334
219,246.767,240.581,240.58065798764025
220,236.992,242.71,242.70972555248278
221,241.953,244.903,244.90297388519141
222,250.808,247.235,247.23514032242508
223,238.795,249.3,249.3005070869447
224,243.566,251.427,251.4266908822217
225,257.566,253.792,253.7918323645994
226,260.843,256.186,256.18580435406756
227,248.665,258.309,258.3087919278367
228,258.305,260.586,260.5859907180011
229,269.407,263.044,263.044160856294
230,262.249,265.328,265.32769797212916
231,268.335,267.695,267.6947524638009
232,277.652,270.207,270.20702082250074
233,276.999,272.67,272.66985099748416
234,283.717,275.226,275.2264015926716
235,269.263,277.465,277.4654984952309
236,276.92,279.818,279.81842664158455
237,288.101,282.352,282.35227281184956
238,281.556,284.722,284.7218081129335
239,279.896,287.023,287.0231324230925
240,287.788,289.442,289.44184567467653
241,296.223,291.987,291.98724974211586
242,297.19,294.513,294.51336099118083
243,303.17,297.117,297.1173645742491
244,295.801,299.54,299.5398147593186
245,298.111,301.97,301.96983724332273
246,294.663,304.296,304.29572202713314
247,314.017,306.96,306.9600859961589
248,297.872,309.272,309.27192042192576
249,311.252,311.806,311.8064443116928
250,318.13,314.435,314.4354873889894
251,316.861,317.0,317.00021570824293
252,319.784,319.582,319.58234561816255
253,311.379,321.962,321.96214589353116
254,329.374,324.653,324.6529142429086
255,323.118,327.182,327.1817536914849
256,333.683,329.876,329.87600232040865
257,329.969,332.457,332.45732449813653
258,325.284,334.908,334.9078685874787
259,328.695,337.386,337.38565593423647
260,335.583,339.958,339.9577196659196
261,331.735,342.415,342.4150245347033
262,335.374,344.904,344.9036601110495
263,351.493,347.665,347.66512115239857
264,342.87,350.217,350.21718657951334
265,352.138,352.909,352.90851180174315
266,359.27,355.696,355.6962854277176
267,348.9,358.24,358.24020277836485
268,351.791,360.8,360.79954627498756
269,354.874,363.378,363.3778057166095
270,364.22,366.096,366.09615520934955
271,375.305,368.987,368.9869097103423
272,374.962,371.827,371.8267208100708
273,369.39,374.515,374.51453451491307
274,382.585,377.416,377.4156832586793
275,379.579,380.214,380.2137965867857
276,378.866,382.954,382.9542103457695
277,388.37,385.836,385.8355918924268
278,389.344,388.691,388.6910071277514
279,382.595,391.371,391.3707164322603
280,401.358,394.371,394.37139303278445
281,385.238,397.013,397.0128656401819
282,399.597,399.89,399.8900354297432
283,394.714,402.627,402.6270464099667
284,409.153,405.6,405.600268005552
285,411.669,408.576,408.57587459455823
286,406.057,411.396,411.3958761865401
287,413.285,414.311,414.31100796862023
288,415.335,417.22,417.2197002738824
289,415.069,420.077,420.07691267817165
290,416.552,422.917,422.91700564351044
291,420.157,425.781,425.78127840730474
292,416.859,428.535,428.5352469455324
293,436.097,431.618,431.61790034081844
294,431.537,434.563,434.5634458167858
295,439.164,437.61,437.60999878839664
296,432.046,440.47,440.46978780084766
297,446.145,443.557,443.5570802554277
298,441.572,446.506,446.5064760611196
299,453.638,449.643,449.6428393726436
300,458.078,452.816,452.81595843455347
301,444.851,455.682,455.68158604630463
302,464.843,458.889,458.8889759220807
303,463.898,462.027,462.0273289824668
304,468.513,465.205,465.2054078696579
305,457.597,468.12,468.12033457804614
306,464.65,471.124,471.1243557940429
307,464.762,474.081,474.0813724812526
308,470.773,477.107,477.1066327907795
309,473.005,480.126,480.12579122887865
310,486.911,483.366,483.3662737194235
311,483.033,486.479,486.47936331746695
312,483.643,489.554,489.55360126965076
313,480.44,492.515,492.51491911055615
314,497.658,495.762,495.76240063409534
315,495.009,498.906,498.90591524094805
316,494.782,501.994,501.9935506315226
317,507.508,505.278,505.27837059005
318,500.543,508.374,508.3743236076692
319,503.982,511.486,511.48603983304963
320,518.21,514.824,514.8238088036665
321,517.556,518.095,518.0949947529377
322,514.338,521.25,521.2500553060748
323,517.732,524.419,524.4190419947946
324,531.818,527.81,527.8104875733421
325,527.178,531.057,531.0565545444606
326,530.427,534.313,534.3125544125332
327,526.038,537.429,537.4291007068199
328,534.864,540.666,540.665557640339
329,543.709,544.021,544.0210924611556
330,550.313,547.451,547.4507053422034
331,538.162,550.587,550.5870494406629
332,545.473,553.813,553.81316562797
333,562.721,557.322,557.3223940974718
334,563.116,560.782,560.7824871387031
335,560.368,564.132,564.1323237243739
336,558.133,567.383,567.3828540405237
337,565.534,570.723,570.7233855759597
338,563.077,573.96,573.9601382355851
339,573.404,577.344,577.3441059753334
340,581.207,580.824,580.8244344310127
341,576.707,584.159,584.1593472674733
342,587.047,587.641,587.640557378294
343,590.014,591.122,591.1222708977668
344,594.418,594.632,594.632508539429
345,601.54,598.224,598.2241147359156
346,591.999,601.57,601.5699127007805
347,592.436,604.867,604.8675146019394
348,606.362,608.381,608.3814973765058
349,603.582,611.782,611.7824778175121
350,612.524,615.301,615.3010713870365
351,609.893,618.709,618.7093143497475
352,611.995,622.101,622.1008929356195
353,622.116,625.633,625.6330358075678
354,618.328,629.032,629.0316995758877
355,636.111,632.721,632.72090134415
356,630.15,636.232,636.2323038750211
357,629.67,639.675,639.6749380262551
358,631.731,643.099,643.0991846028978
359,646.799,646.76,646.760217613179
360,641.018,650.247,650.2467871247347
361,649.519,653.841,653.8405857563486
362,665.178,657.681,657.6809325810881
363,657.164,661.301,661.3009369602264
364,663.66,664.987,664.9872710902245
365,673.173,668.798,668.7984102760855
366,678.726,672.655,672.6553486373749
367,679.399,676.462,676.461752901477
368,673.508,680.089,680.0891358152097
369,677.887,683.741,683.7406911338867
370,677.551,687.324,687.3235258261598
371,680.192,690.897,690.8966475436032
372,699.857,694.794,694.794345143
373,704.16,698.712,698.7117688527553
374,689.442,702.275,702.2750493325468
375,698.23,705.949,705.9491213617628
376,703.372,709.661,709.6612299455633
377,713.231,713.504,713.5035817608484
378,722.311,717.46,717.4595353452152
379,721.681,721.337,721.3371232837553
380,713.579,724.99,724.9901581115258
381,724.581,728.796,728.7960732937228
382,721.684,732.48,732.4801836380805
383,725.713,736.18,736.1796704035869
384,746.38,740.221,740.2213128896907
385,733.435,743.941,743.9410769963865
386,748.207,747.887,747.8867607773664
387,749.983,751.801,751.8006322129542
388,761.54,755.875,755.8751797851218
389,748.26,759.62,759.620435811349
390,755.14,763.436,763.4358280922851
391,756.138,767.205,767.2049375994023
392,760.191,770.988,770.9881921329774
393,768.262,774.864,774.8643877098027
394,785.857,779.02,779.0198555186707
395,785.326,783.095,783.0953138838074
396,782.329,787.043,787.0429037507788
397,780.891,790.894,790.8944060374517
398,791.361,794.885,794.8848922931566
399,795.676,798.892,798.8918544104084
400,804.325,803.0,803.0002972966681
401,799.344,806.941,806.940980030156
402,807.759,810.979,810.9789770069091
403,819.817,815.185,815.1849394356074
404,816.41,819.253,819.2528392261576
405,820.055,823.323,823.3226582509539
406,833.782,827.593,827.5926792581903
407,822.365,831.566,831.5660396729705
408,840.186,835.821,835.8209030904961
409,840.196,840.004,840.0039172200578
410,848.279,844.275,844.274553109821
411,837.432,848.259,848.2592547693542
412,846.122,852.345,852.3452287876681
413,855.192,856.539,856.5388910485837
414,847.714,860.513,860.5133525465857
415,866.123,864.78,864.7802372825471
416,871.052,869.071,869.0712602775068
417,876.203,873.39,873.3904475156861
418,863.666,877.389,877.3891716436218
419,874.03,881.521,881.5213074151826
420,875.678,885.614,885.6138716908673
421,887.632,889.87,889.8700780395313
422,900.337,894.303,894.3030422286225
423,888.743,898.432,898.4324760731025
424,902.071,902.752,902.751951643868
425,904.624,907.047,907.0473567448266
426,912.037,911.415,911.414523709271
427,917.339,915.811,915.8110813169847
428,911.167,920.011,920.0106692631472
429,910.566,924.125,924.1248007429148
430,920.706,928.366,928.365753526628
431,923.89,932.595,932.59521763653
432,940.271,937.073,937.0731335899902
433,934.595,941.363,941.3625663352987
434,933.39,945.553,945.5532915342764
435,946.962,949.937,949.9372315771269
436,940.554,954.119,954.1188772387325
437,949.077,958.394,958.3941937259993
438,959.758,962.805,962.8046986775792
439,957.11,967.086,967.0864308091717
440,974.554,971.636,971.6363235440774
441,967.126,975.962,975.9617304304949
442,969.593,980.26,980.2596420510042
443,974.379,984.576,984.5759180051793
444,993.676,989.196,989.1961587045458
445,1000.0,993.864,993.8617510271308
446,990.298,998.258,998.2564155941528
447,1006.0,1003.0,1002.8831441504627
448,995.695,1007.0,1007.2272219119869
449,1015.0,1012.0,1011.8746386241713
450,1004.0,1016.0,1016.2253023250869
451,1023.0,1021.0,1020.8730388678418
452,1022.0,1025.0,1025.420833343658
453,1032.0,1030.0,1030.0862700763812
454,1027.0,1035.0,1034.572564921152
455,1039.0,1039.0,1039.2162944290774
456,1036.0,1044.0,1043.7202891367128
457,1043.0,1048.0,1048.2828316243929
458,1043.0,1053.0,1052.7653354905651
459,1048.0,1057.0,1057.2669989217222
460,1060.0,1062.0,1061.925471845673
461,1067.0,1067.0,1066.6406182631654
462,1066.0,1071.0,1071.254149322897
463,1079.0,1076.0,1076.0428030305252
464,1071.0,1081.0,1080.5909851932747
465,1088.0,1085.0,1085.393534085287
466,1094.0,1090.0,1090.2311322146547
467,1096.0,1095.0,1095.0245051133986
468,1102.0,1100.0,1099.852786450918
469,1096.0,1105.0,1104.4790654311462
470,1107.0,1109.0,1109.2401832484743
471,1117.0,1114.0,1114.1150290118783
472,1116.0,1119.0,1118.8856315811172
473,1119.0,1124.0,1123.6317135081429
474,1126.0,1128.0,1128.4322325195892
475,1127.0,1133.0,1133.1683245827837
476,1126.0,1138.0,1137.8011018629436
477,1144.0,1143.0,1142.7058846484529
478,1149.0,1148.0,1147.6237598917328
479,1139.0,1152.0,1152.2588987899026
480,1150.0,1157.0,1157.027772130098
481,1155.0,1162.0,1161.8107569468407
482,1170.0,1167.0,1166.804682339802
483,1171.0,1172.0,1171.7315088868634
484,1171.0,1177.0,1176.572068817889
485,1167.0,1181.0,1181.2482699120435
486,1175.0,1186.0,1185.9980936025513
487,1182.0,1191.0,1190.8010347428117
488,1193.0,1196.0,1195.73531420194
489,1189.0,1201.0,1200.5039608808875
490,1200.0,1205.0,1205.404085430581
491,1212.0,1211.0,1210.454026036877
492,1218.0,1216.0,1215.5339828936433
493,1215.0,1221.0,1220.466190084003
494,1228.0,1226.0,1225.5672828201607
495,1235.0,1231.0,1230.71727458865
496,1226.0,1236.0,1235.6002645371514
497,1225.0,1240.0,1240.3763938973696
498,1250.0,1246.0,1245.5589943987898
499,1243.0,1251.0,1250.5134004875636
500,1250.0,1256.0,1255.5176171622188
501,1245.0,1260.0,1260.334580132485
502,1255.0,1265.0,1265.2616226221328
503,1257.0,1270.0,1270.139935597678
504,1275.0,1275.0,1275.2852181805908
505,1280.0,1280.0,1280.4385907776136
506,1277.0,1285.0,1285.4422087330008
507,1291.0,1291.0,1290.6324450130162
508,1293.0,1296.0,1295.7709008359682
509,1292.0,1301.0,1300.7988495725679
510,1304.0,1306.0,1305.9734580626823
511,1302.0,1311.0,1311.017303157903
512,1304.0,1316.0,1316.010383485581
513,1320.0,1321.0,1321.2290030561503
514,1320.0,1326.0,1326.3555606699542
515,1334.0,1332.0,1331.6667479433297
516,1331.0,1337.0,1336.8256440111275
517,1337.0,1342.0,1342.010985143897
518,1344.0,1347.0,1347.2421223396698
519,1353.0,1353.0,1352.5579233787375
520,1361.0,1358.0,1357.9377516099976
521,1366.0,1363.0,1363.3217499046707
522,1360.0,1369.0,1368.4929820344842
523,1363.0,1374.0,1373.6307738161713
524,1376.0,1379.0,1378.932430889418
525,1378.0,1384.0,1384.1794859930726
526,1386.0,1390.0,1389.490611209559
527,1387.0,1395.0,1394.7271330121862
528,1396.0,1400.0,1400.0473342223368
529,1390.0,1405.0,1405.1546950388752
530,1400.0,1410.0,1410.366506147057
531,1400.0,1416.0,1415.4845960411199
532,1415.0,1421.0,1420.8053984426301
533,1422.0,1426.0,1426.169198182385
534,1424.0,1432.0,1431.4769409375376
535,1432.0,1437.0,1436.847315318668
536,1440.0,1442.0,1442.2796149398812
537,1435.0,1448.0,1447.5169408813827
538,1442.0,1453.0,1452.7975768461765
539,1459.0,1458.0,1458.3180873670601
540,1463.0,1464.0,1463.819849020542
541,1468.0,1469.0,1469.322640387336
542,1474.0,1475.0,1474.84605002579
543,1467.0,1480.0,1480.1335750139544
544,1486.0,1486.0,1485.6997964988489
545,1476.0,1491.0,1490.9704011134086
546,1495.0,1497.0,1496.5196721541733
547,1506.0,1502.0,1502.187152118175
548,1493.0,1508.0,1507.4986066806491
549,1507.0,1513.0,1512.98948695122
550,1513.0,1519.0,1518.50030279192
551,1526.0,1524.0,1524.1687117526171
552,1530.0,1530.0,1529.8157115730075
553,1520.0,1535.0,1535.1654958587822
554,1526.0,1541.0,1540.5361693825362
555,1538.0,1546.0,1546.0456913163887
556,1542.0,1552.0,1551.5349674599534
557,1543.0,1557.0,1556.9449791390832
558,1559.0,1563.0,1562.5720164936565
559,1570.0,1568.0,1568.315342974686
560,1569.0,1574.0,1573.9372337445352
561,1567.0,1579.0,1579.4190524764456
562,1584.0,1585.0,1585.1365022644984
563,1585.0,1591.0,1590.7718824838782
564,1587.0,1596.0,1596.3455926936986
565,1590.0,1602.0,1601.877842611618
566,1594.0,1607.0,1607.3886518559093
567,1616.0,1613.0,1613.2328725163222
568,1621.0,1619.0,1619.0721445026404
569,1628.0,1625.0,1624.9458142482458
570,1622.0,1631.0,1630.5972375495028
571,1628.0,1636.0,1636.2649526936968
572,1628.0,1642.0,1641.830463601654
573,1636.0,1647.0,1647.4523308864175
574,1640.0,1653.0,1653.051092375838
575,1651.0,1659.0,1658.764836008772
576,1668.0,1665.0,1664.710598331938
577,1666.0,1670.0,1670.5115825608575
578,1674.0,1676.0,1676.3661561517729
579,1681.0,1682.0,1682.25398697518
580,1687.0,1688.0,1688.1549369908291
581,1680.0,1694.0,1693.8125754881762
582,1702.0,1700.0,1699.8006778208123
583,1695.0,1706.0,1705.5444258675363
584,1711.0,1711.0,1711.4993550795211
585,1715.0,1717.0,1717.4268277913932
586,1715.0,1723.0,1723.2481727213487
587,1729.0,1729.0,1729.2402206509178
588,1727.0,1735.0,1735.085895074871
589,1732.0,1741.0,1740.9244642803217
590,1747.0,1747.0,1746.9529751503105
591,1738.0,1753.0,1752.6965064231035
592,1756.0,1759.0,1758.6898237018681
593,1762.0,1765.0,1764.6939204681194
594,1762.0,1771.0,1770.5903418987714
595,1770.0,1777.0,1776.53769089833
596,1774.0,1782.0,1782.4565471628177
597,1775.0,1788.0,1788.287968453051
598,1783.0,1794.0,1794.1706643939042
599,1784.0,1800.0,1799.9660986307235
600,1809.0,1806.0,1806.1480087419857
601,1805.0,1812.0,1812.1410322717654
602,1815.0,1818.0,1818.2227974343934
603,1811.0,1824.0,1824.116438650462
604,1816.0,1830.0,1830.001052239306
605,1823.0,1836.0,1835.916055526017
606,1841.0,1842.0,1842.0778490057842
607,1848.0,1848.0,1848.26715824045
608,1858.0,1855.0,1854.5427273693504
609,1856.0,1861.0,1860.6671155440333
610,1856.0,1867.0,1866.681094006962
611,1875.0,1873.0,1872.9600774349485
612,1881.0,1879.0,1879.2451941371937
613,1883.0,1885.0,1885.457439067485
614,1892.0,1892.0,1891.7353596261726
615,1895.0,1898.0,1897.9599639400833
616,1893.0,1904.0,1904.0331230200181
617,1895.0,1910.0,1910.0350381468952
618,1907.0,1916.0,1916.1633885186063
619,1913.0,1922.0,1922.2986142775937
620,1920.0,1928.0,1928.46026215974
621,1932.0,1935.0,1934.7465180728732
622,1930.0,1941.0,1940.8801674569202
623,1946.0,1947.0,1947.217326351642
624,1946.0,1953.0,1953.4406001639761
625,1958.0,1960.0,1959.7874796751364
626,1954.0,1966.0,1965.94134284085
627,1970.0,1972.0,1972.2981132259401
628,1967.0,1978.0,1978.4812814848108
629,1981.0,1985.0,1984.827460601821
630,1992.0,1991.0,1991.27584859243
631,1991.0,1998.0,1997.5888543068882
632,1992.0,2004.0,2003.8071000611064
633,2010.0,2010.0,2010.266438404291
634,2002.0,2016.0,2016.4520341326715
635,2024.0,2023.0,2022.957670864546
636,2017.0,2029.0,2029.2086256213427
637,2032.0,2036.0,2035.6408338007823
638,2036.0,2042.0,2042.0356566366163
639,2051.0,2049.0,2048.6101364256656
640,2045.0,2055.0,2054.9485624995923
641,2050.0,2061.0,2061.2699035860014
642,2062.0,2068.0,2067.7121865147687
643,2061.0,2074.0,2074.0179436831486
644,2065.0,2080.0,2080.2869438341254
645,2079.0,2087.0,2086.716534475758
646,2081.0,2093.0,2093.0685764430104
647,2102.0,2100.0,2099.718172595996
648,2105.0,2106.0,2106.3075956209245
649,2106.0,2113.0,2112.797900587174
650,2103.0,2119.0,2119.111114551471
651,2123.0,2126.0,2125.70214027094
652,2132.0,2132.0,2132.3514036076454
653,2127.0,2139.0,2138.7823233218487
654,2148.0,2146.0,2145.509314809876
655,2149.0,2152.0,2152.1352487635413
656,2149.0,2159.0,2158.641286117148
657,2161.0,2165.0,2165.264981381056
658,2158.0,2172.0,2171.709479361587
659,2181.0,2179.0,2178.488821775089
660,2176.0,2185.0,2185.047843521592
661,2194.0,2192.0,2191.8418514492705
662,2201.0,2199.0,2198.651674501997
663,2191.0,2205.0,2205.1420120334997
664,2200.0,2212.0,2211.690308532795
665,2208.0,2218.0,2218.2762063029554
666,2222.0,2225.0,2225.0174947273076
667,2220.0,2232.0,2231.5972433458946
668,2241.0,2238.0,2238.4701970084625
669,2229.0,2245.0,2244.9830532956435
670,2246.0,2252.0,2251.7107293042154
671,2257.0,2259.0,2258.5328021632445
672,2261.0,2265.0,2265.3102958374443
673,2273.0,2272.0,2272.2011966466557
674,2271.0,2279.0,2278.9283866257956
675,2275.0,2286.0,2285.6115945300016
676,2290.0,2292.0,2292.467936581486
677,2293.0,2299.0,2299.2591397104457
678,2289.0,2306.0,2305.8477777513503
679,2310.0,2313.0,2312.7284183326105
680,2317.0,2320.0,2319.6222254596346
681,2312.0,2326.0,2326.2924709479908
682,2322.0,2333.0,2333.0368434534844
683,2335.0,2340.0,2339.913658124981
684,2330.0,2347.0,2346.5667932459937
685,2341.0,2353.0,2353.3136509603105
686,2360.0,2360.0,2360.3108981736546
687,2362.0,2367.0,2367.22097235742
688,2375.0,2374.0,2374.261396186675
689,2376.0,2381.0,2381.194302619482
690,2376.0,2388.0,2388.000918332552
691,2377.0,2395.0,2394.7020803728765
692,2389.0,2402.0,2401.5155130907806
693,2396.0,2408.0,2408.341504447638
694,2409.0,2415.0,2415.2980898085407
695,2419.0,2422.0,2422.324783051535
696,2424.0,2429.0,2429.3222607370476
697,2424.0,2436.0,2436.192162593638
698,2435.0,2443.0,2443.1524155900233
699,2435.0,2450.0,2449.985264046477
700,2457.0,2457.0,2457.125423918602
701,2457.0,2464.0,2464.136243029941
702,2469.0,2471.0,2471.255362988855
703,2480.0,2478.0,2478.4619200819325
704,2474.0,2485.0,2485.41992063816
705,2490.0,2493.0,2492.5652435812094
706,2482.0,2499.0,2499.422984569833
707,2492.0,2506.0,2506.3505805561526
708,2505.0,2513.0,2513.4063942920784
709,2511.0,2520.0,2520.4511354701854
710,2516.0,2527.0,2527.4651075105226
711,2533.0,2535.0,2534.6850088381734
712,2539.0,2542.0,2541.891954039602
713,2538.0,2549.0,2548.94800494603
714,2544.0,2556.0,2555.992480250181
715,2562.0,2563.0,2563.2618940835
716,2567.0,2571.0,2570.497760923354
717,2579.0,2578.0,2577.8382512004214
718,2585.0,2585.0,2585.1639906933906
719,2578.0,2592.0,2592.2188063004874
720,2593.0,2599.0,2599.438798890047
721,2606.0,2607.0,2606.7828557117246
722,2607.0,2614.0,2614.013171972947
723,2613.0,2621.0,2621.2292840258597
724,2618.0,2628.0,2628.411522766996
725,2634.0,2636.0,2635.7769066851943
726,2635.0,2643.0,2643.0279389483835
727,2651.0,2650.0,2650.461241552379
728,2652.0,2658.0,2657.7793213765904
729,2661.0,2665.0,2665.140849858558
730,2660.0,2672.0,2672.3482227556105
731,2664.0,2680.0,2679.501377338811
732,2676.0,2687.0,2686.758415416343
733,2681.0,2694.0,2693.9802856632955
734,2687.0,2701.0,2701.186946338782
735,2694.0,2708.0,2708.3981653660867
736,2715.0,2716.0,2715.889721381221
737,2725.0,2723.0,2723.4420078849366
738,2716.0,2731.0,2730.6798719569956
739,2726.0,2738.0,2737.9807122527254
740,2739.0,2745.0,2745.402952671023
741,2736.0,2753.0,2752.6299936432997
742,2762.0,2760.0,2760.2351642636618
743,2766.0,2768.0,2767.7811223755125
744,2761.0,2775.0,2775.090957822027
745,2769.0,2782.0,2782.4230651218095
746,2788.0,2790.0,2789.993926422005
747,2780.0,2797.0,2797.269014009537
748,2790.0,2805.0,2804.6058438215687
749,2806.0,2812.0,2812.1219801853044
750,2805.0,2819.0,2819.4805556545552
751,2814.0,2827.0,2826.8800833781543
752,2833.0,2835.0,2834.517156141119
753,2837.0,2842.0,2842.0937503106775
754,2849.0,2850.0,2849.7680069563467
755,2843.0,2857.0,2857.1841283903304
756,2851.0,2865.0,2864.6204295926714
757,2873.0,2872.0,2872.3525365774726
758,2881.0,2880.0,2880.1015663630533
759,2879.0,2888.0,2887.670159950617
760,2895.0,2895.0,2895.4147020160904
761,2886.0,2903.0,2902.8406833123217
762,2898.0,2910.0,2910.3649622651146
763,2921.0,2918.0,2918.203284445293
764,2926.0,2926.0,2925.99775503772
765,2927.0,2934.0,2933.6698504510723
766,2938.0,2941.0,2941.417728097892
767,2934.0,2949.0,2948.9449299903986
768,2952.0,2957.0,2956.687073153436
769,2963.0,2964.0,2964.504020620998
770,2973.0,2972.0,2972.375229218012
771,2971.0,2980.0,2980.063563986364
772,2983.0,2988.0,2987.8466025423195
773,2993.0,2996.0,2995.6839083768873
774,2986.0,3003.0,3003.2398140099517
775,3003.0,3011.0,3010.989943048111
776,3012.0,3019.0,3018.774657276665
777,3028.0,3027.0,3026.731474855278
778,3034.0,3035.0,3034.6615369174797
779,3024.0,3042.0,3042.249662081263
780,3050.0,3050.0,3050.208554259495
781,3047.0,3058.0,3057.9629905022434
782,3057.0,3066.0,3065.771052697738
783,3063.0,3074.0,3073.5532931066214
784,3065.0,3081.0,3081.231034821492
785,3073.0,3089.0,3088.92345025914
786,3084.0,3097.0,3096.689436858593
787,3103.0,3105.0,3104.685855790005
788,3098.0,3112.0,3112.4373812424815
789,3115.0,3120.0,3120.3798628021373
790,3124.0,3128.0,3128.3536882594913
791,3120.0,3136.0,3136.10224572461
792,3142.0,3144.0,3144.140029792661
793,3142.0,3152.0,3152.030563263125
794,3147.0,3160.0,3159.873710989043
795,3160.0,3168.0,3167.827502507039
796,3158.0,3176.0,3175.5951513384857
797,3179.0,3184.0,3183.631653708688
798,3182.0,3192.0,3191.57956531939
799,3196.0,3200.0,3199.6564303882433
800,3196.0,3208.0,3207.5849849531983
801,3209.0,3216.0,3215.6227695958396
802,3211.0,3223.0,3223.551840191948
803,3223.0,3232.0,3231.57023338721
804,3226.0,3239.0,3239.499616814861
805,3247.0,3248.0,3247.6955011962236
806,3249.0,3256.0,3255.7807490560785
807,3261.0,3264.0,3263.953403927761
808,3262.0,3272.0,3271.995724942236
809,3282.0,3280.0,3280.283322599762
810,3281.0,3288.0,3288.39984383454
811,3288.0,3296.0,3296.504501416319
812,3297.0,3305.0,3304.636725830699
813,3305.0,3313.0,3312.776441557154
814,3323.0,3321.0,3321.120553161389
815,3320.0,3329.0,3329.253101948956
816,3338.0,3338.0,3337.589896884579
817,3340.0,3346.0,3345.8135226951017
818,3350.0,3354.0,3354.0826295721736
819,3346.0,3362.0,3362.1207601393376
820,3369.0,3370.0,3370.4621714522596
821,3368.0,3379.0,3378.6308329770122
822,3385.0,3387.0,3386.9830580466337
823,3388.0,3395.0,3395.24105144186
824,3402.0,3404.0,3403.6224066520717
825,3394.0,3412.0,3411.692246583339
826,3408.0,3420.0,3419.88707007179
827,3417.0,3428.0,3428.1070377878655
828,3422.0,3436.0,3436.2729808330096
829,3441.0,3445.0,3444.661241876533
830,3439.0,3453.0,3452.8556999658567
831,3452.0,3461.0,3461.153754622883
832,3456.0,3469.0,3469.376936219373
833,3467.0,3478.0,3477.6638321960704
834,3470.0,3486.0,3485.8560689009814
835,3496.0,3494.0,3494.4077548253676
836,3497.0,3503.0,3502.8226027324586
837,3504.0,3511.0,3511.2200754139412
838,3509.0,3519.0,3519.5608222220517
839,3512.0,3528.0,3527.8058792362176
840,3521.0,3536.0,3536.074331866617
841,3534.0,3544.0,3544.4446983336106
842,3551.0,3553.0,3552.9947292378274
843,3547.0,3561.0,3561.3087119519305
844,3559.0,3570.0,3569.704162455259
845,3567.0,3578.0,3578.1013667608418
846,3581.0,3586.0,3586.6184596395096
847,3580.0,3595.0,3594.958559841262
848,3602.0,3603.0,3603.576568937101
849,3601.0,3612.0,3612.0164089127193
850,3608.0,3620.0,3620.437367531493
851,3627.0,3629.0,3629.076028316981
852,3633.0,3638.0,3637.6739737844073
853,3634.0,3646.0,3646.13294984087
854,3644.0,3655.0,3654.6315756522995
855,3657.0,3663.0,3663.2284954404413
856,3666.0,3672.0,3671.843823500639
857,3667.0,3680.0,3680.319613581015
858,3681.0,3689.0,3688.9133238979935
859,3686.0,3697.0,3697.4463434643935
860,3706.0,3706.0,3706.2147808467685
861,3698.0,3715.0,3714.6644263442304
862,3708.0,3723.0,3723.1530150400204
863,3719.0,3732.0,3731.6997912831876
864,3741.0,3740.0,3740.520886754645
865,3742.0,3749.0,3749.199669284156
866,3751.0,3758.0,3757.8950723582698
867,3764.0,3767.0,3766.685662666323
868,3767.0,3775.0,3775.3733302624837
869,3766.0,3784.0,3783.8801367533993
870,3786.0,3793.0,3792.62161087039
871,3793.0,3801.0,3801.3391800404743
872,3798.0,3810.0,3809.9935582519865
873,3809.0,3819.0,3818.703508734881
874,3821.0,3827.0,3827.48810406555
875,3835.0,3836.0,3836.3859339551223
876,3828.0,3845.0,3844.981925443677
877,3836.0,3853.0,3853.574526781329
878,3851.0,3862.0,3862.301642602299
879,3857.0,3871.0,3870.9845080747464
880,3867.0,3880.0,3879.702291749194
881,3881.0,3888.0,3888.5333950050735
882,3897.0,3897.0,3897.516036018292
883,3902.0,3906.0,3906.4318481665373
884,3901.0,3915.0,3915.163120633288
885,3919.0,3924.0,3924.085994280801
886,3920.0,3933.0,3932.863477815268
887,3942.0,3942.0,3941.9107469840965
888,3944.0,3951.0,3950.830921537045
889,3945.0,3960.0,3959.605416464753
890,3964.0,3969.0,3968.590290309246
891,3962.0,3977.0,3977.3695380763047
892,3981.0,3986.0,3986.3589221817074
893,3995.0,3995.0,3995.4577664956637
894,3990.0,4004.0,4004.2904479103536
895,4011.0,4013.0,4013.3718503153736
896,4023.0,4022.0,4022.522087624835
897,4019.0,4031.0,4031.4250505672762
898,4033.0,4040.0,4040.4377742924303
899,4044.0,4049.0,4049.4999717316887
900,4045.0,4058.0,4058.4139794313082
901,4060.0,4067.0,4067.457046298451
902,4061.0,4076.0,4076.3519129184497
903,4077.0,4085.0,4085.3955399706847
904,4083.0,4094.0,4094.3893108768307
905,4092.0,4103.0,4103.392734785048
906,4112.0,4113.0,4112.622408626383
907,4107.0,4121.0,4121.583334573074
908,4131.0,4131.0,4130.849545246329
909,4138.0,4140.0,4140.082940448057
910,4134.0,4149.0,4149.066936551471
911,4147.0,4158.0,4158.138886460728
912,4163.0,4167.0,4167.356967768348
913,4166.0,4176.0,4176.463457541536
914,4176.0,4186.0,4185.597290349541
915,4184.0,4195.0,4194.71868690896
916,4201.0,4204.0,4204.005040291716
917,4207.0,4213.0,4213.237858585217
918,4213.0,4222.0,4222.417552402824
919,4219.0,4231.0,4231.5445347637105
920,4224.0,4241.0,4240.599513151272
921,4234.0,4250.0,4249.681636383127
922,4258.0,4259.0,4259.066464201662
923,4259.0,4268.0,4268.297676607393
924,4276.0,4278.0,4277.691981798138
925,4277.0,4287.0,4286.932363993616
926,4283.0,4296.0,4296.118749644447
927,4302.0,4305.0,4305.507769051372
928,4310.0,4315.0,4314.880567221965
929,4322.0,4324.0,4324.3160227127955
930,4315.0,4333.0,4333.438967412163
931,4328.0,4343.0,4342.646493545081
932,4340.0,4352.0,4351.917986664138
933,4349.0,4361.0,4361.193610276187
934,4352.0,4370.0,4370.354982856428
935,4379.0,4380.0,4379.876112938589
936,4385.0,4389.0,4389.339544512349
937,4388.0,4399.0,4398.686600762377
938,4404.0,4408.0,4408.174509307581
939,4418.0,4418.0,4417.762383256249
940,4420.0,4427.0,4427.212643553484
941,4436.0,4437.0,4436.802423692864
942,4428.0,4446.0,4446.057270899667
943,4444.0,4455.0,4455.453324187482
944,4458.0,4465.0,4464.94970777414
945,4459.0,4474.0,4474.289145611634
946,4466.0,4484.0,4483.591311519879
947,4489.0,4493.0,4493.171806311081
948,4484.0,4502.0,4502.4760120555065
949,4504.0,4512.0,4511.999209952995
950,4522.0,4522.0,4521.699765939408
951,4521.0,4531.0,4531.2013984910345
952,4536.0,4541.0,4540.821254622823
953,4538.0,4550.0,4550.301881042202
954,4542.0,4560.0,4559.683943054332
955,4553.0,4569.0,4569.106263107894
956,4561.0,4579.0,4578.509241636848
957,4588.0,4588.0,4588.267429372325
958,4588.0,4598.0,4597.84516567455
959,4608.0,4608.0,4607.6382495688795
960,4611.0,4617.0,4617.3094479685415
961,4617.0,4627.0,4626.918954304328
962,4637.0,4637.0,4636.743173874819
963,4632.0,4646.0,4646.287217352344
964,4643.0,4656.0,4655.869024424965
965,4659.0,4666.0,4665.586675434682
966,4660.0,4675.0,4675.143134576291
967,4675.0,4685.0,4684.815778475
968,4675.0,4694.0,4694.307767637831
969,4701.0,4704.0,4704.1331687578495
970,4696.0,4714.0,4713.677705959953
971,4723.0,4724.0,4723.574657282432
972,4724.0,4733.0,4733.308097222229
973,4736.0,4743.0,4743.09628951507
974,4734.0,4753.0,4752.662690181273
975,4762.0,4763.0,4762.600593035687
976,4763.0,4772.0,4772.374180386532
977,4766.0,4782.0,4782.024353459591
978,4786.0,4792.0,4791.887249036302
979,4792.0,4802.0,4801.684794999881
980,4800.0,4812.0,4811.456937371867
981,4813.0,4821.0,4821.302363377784
982,4828.0,4831.0,4831.259677361088
983,4823.0,4841.0,4840.933528770652
984,4831.0,4851.0,4850.582772524255
985,4842.0,4860.0,4860.266688789233
986,4857.0,4870.0,4870.063690383117
987,4877.0,4880.0,4880.071130183903
988,4886.0,4890.0,4890.070075742351
989,4894.0,4900.0,4900.0407890906
990,4904.0,4910.0,4910.022850263693
991,4903.0,4920.0,4919.799255407317
992,4918.0,4930.0,4929.6872290235115
993,4927.0,4940.0,4939.56734979085
994,4940.0,4950.0,4949.518429599258
995,4951.0,4960.0,4959.500266173661
996,4964.0,4970.0,4969.551874684748
997,4974.0,4980.0,4979.613348492159
998,4984.0,4990.0,4989.684483052158
999,4998.0,5000.0,4999.843907174656
1000,5003.0,5010.0,5009.91328097817
