,data,precalculated,result,Diff
0,2.004,0,0,0
1,-7.464,0.005,0.005,0
2,7.216,0.02,0.020000216,2.1633E-07
3,-5.316,0.045,0.0449994,5.9993E-07
4,-4.486,0.08,0.079996716,3.28402E-06
5,-3.69,0.125,0.124991245,8.75545E-06
6,1.747,0.18,0.179992427,7.57278E-06
7,-1.116,0.245,0.244986294,1.3706E-05
8,-1.802,0.32,0.319972547,2.74525E-05
9,5.635,0.405,0.405011059,1.10594E-05
10,10.122,0.5,0.500123326,0.000123326
11,0.86,0.605,0.605146944,0.000146944
12,-1.197,0.72,0.7201295,0.0001295
13,-3.291,0.845,0.84504017,4.01697E-05
14,-7.908,0.98,0.979757507,0.000242493
15,7.496,1.125,1.124994454,5.54594E-06
16,2.452,1.28,1.28005894,5.89396E-05
17,-8.523,1.444,1.444478877,0.000478877
18,-7.486,1.619,1.618797612,0.000202388
19,0.168,1.804,1.803578592,0.000421408
20,8.121,1.999,1.999094935,9.49351E-05
21,-4.878,2.203,2.203246514,0.000246514
22,-1.128,2.418,2.417690587,0.000309413
23,12.243,2.644,2.644033616,3.36163E-05
24,6.167,2.88,2.8795915,0.0004085
25,-6.428,3.123,3.122758688,0.000241312
26,-1.24,3.377,3.376676958,0.000323042
27,6.584,3.642,3.642296045,0.000296045
28,-4.197,3.915,3.914997908,2.09246E-06
29,10.994,4.202,4.201930509,6.94909E-05
30,-2.607,4.494,4.494473577,0.000473577
31,13.044,4.802,4.802446996,0.000446996
32,2.62,5.116,5.116445995,0.000445995
33,7.304,5.442,5.442305815,0.000305815
34,15.105,5.782,5.782033755,3.37547E-05
35,5.968,6.127,6.127252368,0.000252368
36,16.065,6.488,6.488267963,0.000267963
37,15.652,6.86,6.859536002,0.000463998
38,4.842,7.234,7.233727443,0.000272557
39,1.692,7.615,7.615087859,8.78591E-05
40,6.961,8.01,8.009941109,5.8891E-05
41,-0.065,8.408,8.408219652,0.000219652
42,9.671,8.825,8.824521422,0.000478578
43,16.046,9.257,9.256986137,1.3863E-05
44,4.993,9.688,9.687765525,0.000234475
45,12.293,10.136,10.13603634,3.63439E-05
46,20.272,10.604,10.60393973,6.02659E-05
47,1.851,11.058,11.05813459,0.000134587
48,16.218,11.541,11.54077684,0.000223164
49,10.602,12.025,12.0249868,1.3201E-05
50,12.451,12.521,12.52123308,0.000233082
51,6.422,13.017,13.01656396,0.000436042
52,20.554,13.545,13.54528043,0.000280434
53,15.988,14.076,14.07555722,0.000442781
54,4.621,14.593,14.5925493,0.000450704
55,9.064,15.126,15.12622828,0.000228284
56,9.292,15.668,15.66829058,0.000290576
57,10.314,16.22,16.22044589,0.000445893
58,15.316,16.793,16.79253189,0.000468107
59,18.577,17.381,17.3813696,0.0003696
60,22.586,17.99,17.98979023,0.000209772
61,13.688,18.582,18.58231591,0.000315906
62,20.689,19.203,19.20297928,2.0725E-05
63,10.751,19.801,19.80129516,0.00029516
64,26.958,20.458,20.45847488,0.000474883
65,21.957,21.108,21.10804171,4.17052E-05
66,12.011,21.73,21.73042848,0.000428482
67,25.868,22.41,22.40957947,0.000420534
68,32.8,23.124,23.12377956,0.000220441
69,24.215,23.813,23.813244,0.000244002
70,33.165,24.547,24.54742129,0.00042129
71,26.201,25.261,25.26060953,0.00039047
72,31.869,26.007,26.0065382,0.000461802
73,20.291,26.707,26.70661408,0.000385917
74,18.157,27.401,27.40140367,0.000403673
75,33.518,28.178,28.17754613,0.000453867
76,34.789,28.968,28.96798084,1.9155E-05
77,38.268,29.785,29.78479044,0.00020956
78,28.604,30.556,30.55588474,0.000115259
79,26.58,31.321,31.32052693,0.000473073
80,28.552,32.101,32.10116264,0.000162639
81,31.957,32.907,32.90707947,7.94693E-05
82,31.246,33.713,33.71333706,0.000337059
83,38.637,34.572,34.57210502,0.000105019
84,34.014,35.406,35.40552428,0.000475724
85,38.419,36.274,36.27352739,0.000472614
86,35.44,37.125,37.12506079,6.07919E-05
87,34.934,37.976,37.97635835,0.000358345
88,43.406,38.894,38.89441015,0.000410148
89,35.457,39.756,39.75557603,0.000423974
90,30.654,40.581,40.58051783,0.000482167
91,50.203,41.565,41.56519492,0.000194924
92,37.816,42.451,42.45124676,0.000246765
93,39.117,43.35,43.34955791,0.000442092
94,43.979,44.292,44.29154345,0.000456552
95,46.175,45.255,45.25503579,3.5788E-05
96,44.708,46.207,46.20681179,0.000188209
97,41.183,47.126,47.12622656,0.000226557
98,57.62,48.203,48.20325696,0.000256955
99,49.07,49.199,49.19934682,0.000346816
100,55.408,50.259,50.25941703,0.000417031
101,46.685,51.231,51.23141004,0.000410042
102,46.402,52.199,52.19897693,2.30729E-05
103,47.098,53.172,53.1718912,0.000108805
104,62.611,54.311,54.3110551,5.50979E-05
105,51.393,55.327,55.32676736,0.000232638
106,55.267,56.384,56.38365879,0.000341207
107,47.967,57.355,57.35457293,0.000427066
108,57.878,58.437,58.43685289,0.000147105
109,59.323,59.534,59.53363287,0.000367127
110,56.771,60.597,60.59667261,0.000327393
111,56.372,61.651,61.65076745,0.000232554
112,69.141,62.859,62.85932469,0.000324692
113,60.226,63.952,63.95250838,0.000508376
114,68.59,65.148,65.14809847,9.84741E-05
115,71.499,66.378,66.37767712,0.000322882
116,58.191,67.427,67.4275202,0.000520204
117,67.101,68.59,68.58967106,0.000328941
118,71.016,69.799,69.79905118,5.11767E-05
119,64.534,70.914,70.91360368,0.000396316
120,78.197,72.211,72.210888,0.000111996
121,73.688,73.439,73.43896165,3.83543E-05
122,64.461,74.529,74.52857693,0.000423071
123,76.147,75.778,75.7777957,0.000204297
124,71.187,76.947,76.94708653,8.65346E-05
125,71.972,78.119,78.11914285,0.000142849
126,86.947,79.505,79.50495689,4.3108E-05
127,74.005,80.688,80.68832549,0.00032549
128,85.556,82.037,82.03726879,0.000268793
129,89.67,83.44,83.44022027,0.000220268
130,91.619,84.864,84.86414514,0.000145139
131,90.264,86.257,86.25737866,0.000378659
132,93.574,87.693,87.69254996,0.000450037
133,87.753,89.025,89.02488098,0.000119022
134,84.242,90.29,90.28971027,0.000289734
135,99.074,91.782,91.7818787,0.000121304
136,88.872,93.097,93.09673652,0.000263483
137,97.928,94.547,94.54743535,0.000435346
138,100.691,96.031,96.03126963,0.000269625
139,94.079,97.393,97.39257442,0.000425585
140,103.948,98.905,98.90547444,0.000474441
141,100.146,100.341,100.3409538,4.61914E-05
142,104.463,101.836,101.8355699,0.000430071
143,105.91,103.341,103.340595,0.000405024
144,107.671,104.861,104.8611973,0.000197311
145,100.101,106.237,106.23654,0.000460032
146,104.17,107.667,107.6671389,0.000138945
147,99.696,109.004,109.004417,0.000416973
148,102.772,110.38,110.3798458,0.000154191
149,106.726,111.809,111.8088329,0.000167056
150,111.04,113.298,113.297726,0.000274027
151,112.555,114.797,114.7968708,0.000129241
152,123.351,116.471,116.4713238,0.000323805
153,109.697,117.884,117.884075,7.49554E-05
154,116.424,119.4,119.4003873,0.000387338
155,111.098,120.803,120.8030572,5.7173E-05
156,112.38,122.211,122.2113696,0.000369553
157,116.936,123.685,123.6846007,0.000399339
158,129.283,125.364,125.3644087,0.000408729
159,128.925,127.018,127.0184316,0.000431627
160,119.19,128.475,128.4747358,0.000264183
161,132.105,130.15,130.1495922,0.000407766
162,133.7,131.834,131.8338793,0.000120685
163,124.135,133.321,133.3212295,0.00022949
164,136.988,135.027,135.027204,0.000204001
165,132.103,136.622,136.6216919,0.000308084
166,146.371,138.461,138.4613441,0.000344058
167,136.815,140.101,140.1007546,0.000245354
168,140.341,141.785,141.785043,4.29779E-05
169,144.582,143.527,143.5272802,0.000280174
170,154.116,145.426,145.4264118,0.000411819
171,146.541,147.16,147.1598351,0.000164902
172,142.687,148.798,148.7982583,0.000258305
173,145.426,150.466,150.4664315,0.000431513
174,151.366,152.225,152.2245835,0.000416543
175,149.886,153.932,153.9316391,0.000360896
176,153.83,155.691,155.6905811,0.000418872
177,156.267,157.472,157.4723731,0.000373103
178,157.67,159.257,159.2570912,9.12155E-05
179,157.916,161.023,161.0225655,0.000434534
180,157.44,162.755,162.7550346,3.4639E-05
181,161.976,164.55,164.5502153,0.000215337
182,175.198,166.573,166.5734596,0.000459559
183,173.685,168.541,168.5413716,0.00037157
184,168.556,170.385,170.3849875,1.24614E-05
185,168.168,172.196,172.1958643,0.000135723
186,166.232,173.944,173.9444502,0.000450188
187,169.742,175.736,175.7355831,0.000416892
188,171.085,177.527,177.5272389,0.000238896
189,178.7,179.44,179.4398172,0.000182765
190,170.674,181.172,181.1715585,0.000441472
191,185.626,183.166,183.1658352,0.000164782
192,175.298,184.934,184.9338247,0.000175254
193,193.174,187.02,187.0204559,0.000455887
194,183.544,188.893,188.8929757,2.42985E-05
195,185.373,190.774,190.7739558,4.42052E-05
196,195.337,192.82,192.8201335,0.000133483
197,184.426,194.627,194.6272029,0.000202867
198,192.479,196.563,196.5631668,0.000166822
199,195.004,198.52,198.5200785,7.84532E-05
200,206.707,200.675,200.6749455,5.44774E-05
201,196.043,202.594,202.5937318,0.000268189
202,195.23,204.469,204.4688051,0.000194919
203,200.038,206.409,206.4091362,0.000136237
204,203.782,208.393,208.3934794,0.000479386
205,219.849,210.66,210.6597019,0.000298087
206,217.168,212.842,212.8424459,0.000445877
207,222.986,215.107,215.1067967,0.000203332
208,217.306,217.229,217.2293671,0.000367121
209,213.411,219.246,219.2458871,0.000112924
210,228.781,221.53,221.5301746,0.000174646
211,220.844,223.628,223.6284064,0.000406367
212,231.887,225.91,225.9097045,0.000295525
213,217.541,227.881,227.8806024,0.000397602
214,223.175,229.931,229.9308366,0.000163364
215,222.609,231.939,231.939498,0.000498037
216,223.501,233.935,233.9351297,0.000129724
217,233.791,236.1,236.0998141,0.000185863
218,233.571,238.228,238.2282766,0.000276627
219,246.767,240.581,240.580658,0.000342012
220,236.992,242.71,242.7097256,0.000274448
221,241.953,244.903,244.9029739,2.61148E-05
222,250.808,247.235,247.2351403,0.000140322
223,238.795,249.3,249.3005071,0.000507087
224,243.566,251.427,251.4266909,0.000309118
225,257.566,253.792,253.7918324,0.000167635
226,260.843,256.186,256.1858044,0.000195646
227,248.665,258.309,258.3087919,0.000208072
228,258.305,260.586,260.5859907,9.282E-06
229,269.407,263.044,263.0441609,0.000160856
230,262.249,265.328,265.327698,0.000302028
231,268.335,267.695,267.6947525,0.000247536
232,277.652,270.207,270.2070208,2.08225E-05
233,276.999,272.67,272.669851,0.000149003
234,283.717,275.226,275.2264016,0.000401593
235,269.263,277.465,277.4654985,0.000498495
236,276.92,279.818,279.8184266,0.000426642
237,288.101,282.352,282.3522728,0.000272812
238,281.556,284.722,284.7218081,0.000191887
239,279.896,287.023,287.0231324,0.000132423
240,287.788,289.442,289.4418457,0.000154325
241,296.223,291.987,291.9872497,0.000249742
242,297.19,294.513,294.513361,0.000360991
243,303.17,297.117,297.1173646,0.000364574
244,295.801,299.54,299.5398148,0.000185241
245,298.111,301.97,301.9698372,0.000162757
246,294.663,304.296,304.295722,0.000277973
247,314.017,306.96,306.960086,8.59962E-05
248,297.872,309.272,309.2719204,7.95781E-05
249,311.252,311.806,311.8064443,0.000444312
250,318.13,314.435,314.4354874,0.000487389
251,316.861,317,317.0002157,0.000215708
252,319.784,319.582,319.5823456,0.000345618
253,311.379,321.962,321.9621459,0.000145894
254,329.374,324.653,324.6529142,8.57571E-05
255,323.118,327.182,327.1817537,0.000246309
256,333.683,329.876,329.8760023,2.32041E-06
257,329.969,332.457,332.4573245,0.000324498
258,325.284,334.908,334.9078686,0.000131413
259,328.695,337.386,337.3856559,0.000344066
260,335.583,339.958,339.9577197,0.000280334
261,331.735,342.415,342.4150245,2.45347E-05
262,335.374,344.904,344.9036601,0.000339889
263,351.493,347.665,347.6651212,0.000121152
264,342.87,350.217,350.2171866,0.00018658
265,352.138,352.909,352.9085118,0.000488198
266,359.27,355.696,355.6962854,0.000285428
267,348.9,358.24,358.2402028,0.000202778
268,351.791,360.8,360.7995463,0.000453725
269,354.874,363.378,363.3778057,0.000194283
270,364.22,366.096,366.0961552,0.000155209
271,375.305,368.987,368.9869097,9.02897E-05
272,374.962,371.827,371.8267208,0.00027919
273,369.39,374.515,374.5145345,0.000465485
274,382.585,377.416,377.4156833,0.000316741
275,379.579,380.214,380.2137966,0.000203413
276,378.866,382.954,382.9542103,0.000210346
277,388.37,385.836,385.8355919,0.000408108
278,389.344,388.691,388.6910071,7.12775E-06
279,382.595,391.371,391.3707164,0.000283568
280,401.358,394.371,394.371393,0.000393033
281,385.238,397.013,397.0128656,0.00013436
282,399.597,399.89,399.8900354,3.54297E-05
283,394.714,402.627,402.6270464,4.641E-05
284,409.153,405.6,405.600268,0.000268006
285,411.669,408.576,408.5758746,0.000125405
286,406.057,411.396,411.3958762,0.000123813
287,413.285,414.311,414.311008,7.96862E-06
288,415.335,417.22,417.2197003,0.000299726
289,415.069,420.077,420.0769127,8.73218E-05
290,416.552,422.917,422.9170056,5.64351E-06
291,420.157,425.781,425.7812784,0.000278407
292,416.859,428.535,428.5352469,0.000246946
293,436.097,431.618,431.6179003,9.96592E-05
294,431.537,434.563,434.5634458,0.000445817
295,439.164,437.61,437.6099988,1.2116E-06
296,432.046,440.47,440.4697878,0.000212199
297,446.145,443.557,443.5570803,8.02554E-05
298,441.572,446.506,446.5064761,0.000476061
299,453.638,449.643,449.6428394,0.000160627
300,458.078,452.816,452.8159584,4.15654E-05
301,444.851,455.682,455.681586,0.000413954
302,464.843,458.889,458.8889759,2.40779E-05
303,463.898,462.027,462.027329,0.000328982
304,468.513,465.205,465.2054079,0.00040787
305,457.597,468.12,468.1203346,0.000334578
306,464.65,471.124,471.1243558,0.000355794
307,464.762,474.081,474.0813725,0.000372481
308,470.773,477.107,477.1066328,0.000367209
309,473.005,480.126,480.1257912,0.000208771
310,486.911,483.366,483.3662737,0.000273719
311,483.033,486.479,486.4793633,0.000363317
312,483.643,489.554,489.5536013,0.00039873
313,480.44,492.515,492.5149191,8.08894E-05
314,497.658,495.762,495.7624006,0.000400634
315,495.009,498.906,498.9059152,8.47591E-05
316,494.782,501.994,501.9935506,0.000449368
317,507.508,505.278,505.2783706,0.00037059
318,500.543,508.374,508.3743236,0.000323608
319,503.982,511.486,511.4860398,3.9833E-05
320,518.21,514.824,514.8238088,0.000191196
321,517.556,518.095,518.0949948,5.24706E-06
322,514.338,521.25,521.2500553,5.53061E-05
323,517.732,524.419,524.419042,4.19948E-05
324,531.818,527.81,527.8104876,0.000487573
325,527.178,531.057,531.0565545,0.000445456
326,530.427,534.313,534.3125544,0.000445587
327,526.038,537.429,537.4291007,0.000100707
328,534.864,540.666,540.6655576,0.00044236
329,543.709,544.021,544.0210925,9.24612E-05
330,550.313,547.451,547.4507053,0.000294658
331,538.162,550.587,550.5870494,4.94407E-05
332,545.473,553.813,553.8131656,0.000165628
333,562.721,557.322,557.3223941,0.000394097
334,563.116,560.782,560.7824871,0.000487139
335,560.368,564.132,564.1323237,0.000323724
336,558.133,567.383,567.382854,0.000145959
337,565.534,570.723,570.7233856,0.000385576
338,563.077,573.96,573.9601382,0.000138236
339,573.404,577.344,577.344106,0.000105975
340,581.207,580.824,580.8244344,0.000434431
341,576.707,584.159,584.1593473,0.000347267
342,587.047,587.641,587.6405574,0.000442622
343,590.014,591.122,591.1222709,0.000270898
344,594.418,594.632,594.6325085,0.000508539
345,601.54,598.224,598.2241147,0.000114736
346,591.999,601.57,601.5699127,8.72992E-05
347,592.436,604.867,604.8675146,0.000514602
348,606.362,608.381,608.3814974,0.000497377
349,603.582,611.782,611.7824778,0.000477818
350,612.524,615.301,615.3010714,7.1387E-05
351,609.893,618.709,618.7093143,0.00031435
352,611.995,622.101,622.1008929,0.000107064
353,622.116,625.633,625.6330358,3.58076E-05
354,618.328,629.032,629.0316996,0.000300424
355,636.111,632.721,632.7209013,9.86559E-05
356,630.15,636.232,636.2323039,0.000303875
357,629.67,639.675,639.674938,6.19737E-05
358,631.731,643.099,643.0991846,0.000184603
359,646.799,646.76,646.7602176,0.000217613
360,641.018,650.247,650.2467871,0.000212875
361,649.519,653.841,653.8405858,0.000414244
362,665.178,657.681,657.6809326,6.74189E-05
363,657.164,661.301,661.300937,6.30398E-05
364,663.66,664.987,664.9872711,0.00027109
365,673.173,668.798,668.7984103,0.000410276
366,678.726,672.655,672.6553486,0.000348637
367,679.399,676.462,676.4617529,0.000247099
368,673.508,680.089,680.0891358,0.000135815
369,677.887,683.741,683.7406911,0.000308866
370,677.551,687.324,687.3235258,0.000474174
371,680.192,690.897,690.8966475,0.000352456
372,699.857,694.794,694.7943451,0.000345143
373,704.16,698.712,698.7117689,0.000231147
374,689.442,702.275,702.2750493,4.93325E-05
375,698.23,705.949,705.9491214,0.000121362
376,703.372,709.661,709.6612299,0.000229946
377,713.231,713.504,713.5035818,0.000418239
378,722.311,717.46,717.4595353,0.000464655
379,721.681,721.337,721.3371233,0.000123284
380,713.579,724.99,724.9901581,0.000158112
381,724.581,728.796,728.7960733,7.32937E-05
382,721.684,732.48,732.4801836,0.000183638
383,725.713,736.18,736.1796704,0.000329596
384,746.38,740.221,740.2213129,0.00031289
385,733.435,743.941,743.941077,7.69964E-05
386,748.207,747.887,747.8867608,0.000239223
387,749.983,751.801,751.8006322,0.000367787
388,761.54,755.875,755.8751798,0.000179785
389,748.26,759.62,759.6204358,0.000435811
390,755.14,763.436,763.4358281,0.000171908
391,756.138,767.205,767.2049376,6.24006E-05
392,760.191,770.988,770.9881921,0.000192133
393,768.262,774.864,774.8643877,0.00038771
394,785.857,779.02,779.0198555,0.000144481
395,785.326,783.095,783.0953139,0.000313884
396,782.329,787.043,787.0429038,9.62492E-05
397,780.891,790.894,790.894406,0.000406037
398,791.361,794.885,794.8848923,0.000107707
399,795.676,798.892,798.8918544,0.00014559
400,804.325,803,803.0002973,0.000297297
401,799.344,806.941,806.94098,1.99698E-05
402,807.759,810.979,810.978977,2.29931E-05
403,819.817,815.185,815.1849394,6.05644E-05
404,816.41,819.253,819.2528392,0.000160774
405,820.055,823.323,823.3226583,0.000341749
406,833.782,827.593,827.5926793,0.000320742
407,822.365,831.566,831.5660397,3.9673E-05
408,840.186,835.821,835.8209031,9.69095E-05
409,840.196,840.004,840.0039172,8.27799E-05
410,848.279,844.275,844.2745531,0.00044689
411,837.432,848.259,848.2592548,0.000254769
412,846.122,852.345,852.3452288,0.000228788
413,855.192,856.539,856.538891,0.000108951
414,847.714,860.513,860.5133525,0.000352547
415,866.123,864.78,864.7802373,0.000237283
416,871.052,869.071,869.0712603,0.000260278
417,876.203,873.39,873.3904475,0.000447516
418,863.666,877.389,877.3891716,0.000171644
419,874.03,881.521,881.5213074,0.000307415
420,875.678,885.614,885.6138717,0.000128309
421,887.632,889.87,889.870078,7.80395E-05
422,900.337,894.303,894.3030422,4.22286E-05
423,888.743,898.432,898.4324761,0.000476073
424,902.071,902.752,902.7519516,4.83561E-05
425,904.624,907.047,907.0473567,0.000356745
426,912.037,911.415,911.4145237,0.000476291
427,917.339,915.811,915.8110813,8.1317E-05
428,911.167,920.011,920.0106693,0.000330737
429,910.566,924.125,924.1248007,0.000199257
430,920.706,928.366,928.3657535,0.000246473
431,923.89,932.595,932.5952176,0.000217637
432,940.271,937.073,937.0731336,0.00013359
433,934.595,941.363,941.3625663,0.000433665
434,933.39,945.553,945.5532915,0.000291534
435,946.962,949.937,949.9372316,0.000231577
436,940.554,954.119,954.1188772,0.000122761
437,949.077,958.394,958.3941937,0.000193726
438,959.758,962.805,962.8046987,0.000301322
439,957.11,967.086,967.0864308,0.000430809
440,974.554,971.636,971.6363235,0.000323544
441,967.126,975.962,975.9617304,0.00026957
442,969.593,980.26,980.2596421,0.000357949
443,974.379,984.576,984.575918,8.19948E-05
444,993.676,989.196,989.1961587,0.000158705
445,1000,993.864,993.861751,0.002248973
446,990.298,998.258,998.2564156,0.001584406
447,1006,1003,1002.883144,0.11685585
448,995.695,1007,1007.227222,0.227221912
449,1015,1012,1011.874639,0.125361376
450,1004,1016,1016.225302,0.225302325
451,1023,1021,1020.873039,0.126961132
452,1022,1025,1025.420833,0.420833344
453,1032,1030,1030.08627,0.086270076
454,1027,1035,1034.572565,0.427435079
455,1039,1039,1039.216294,0.216294429
456,1036,1044,1043.720289,0.279710863
457,1043,1048,1048.282832,0.282831624
458,1043,1053,1052.765335,0.234664509
459,1048,1057,1057.266999,0.266998922
460,1060,1062,1061.925472,0.074528154
461,1067,1067,1066.640618,0.359381737
462,1066,1071,1071.254149,0.254149323
463,1079,1076,1076.042803,0.042803031
464,1071,1081,1080.590985,0.409014807
465,1088,1085,1085.393534,0.393534085
466,1094,1090,1090.231132,0.231132215
467,1096,1095,1095.024505,0.024505113
468,1102,1100,1099.852786,0.147213549
469,1096,1105,1104.479065,0.520934569
470,1107,1109,1109.240183,0.240183248
471,1117,1114,1114.115029,0.115029012
472,1116,1119,1118.885632,0.114368419
473,1119,1124,1123.631714,0.368286492
474,1126,1128,1128.432233,0.43223252
475,1127,1133,1133.168325,0.168324583
476,1126,1138,1137.801102,0.198898137
477,1144,1143,1142.705885,0.294115352
478,1149,1148,1147.62376,0.376240108
479,1139,1152,1152.258899,0.25889879
480,1150,1157,1157.027772,0.02777213
481,1155,1162,1161.810757,0.189243053
482,1170,1167,1166.804682,0.19531766
483,1171,1172,1171.731509,0.268491113
484,1171,1177,1176.572069,0.427931182
485,1167,1181,1181.24827,0.248269912
486,1175,1186,1185.998094,0.001906397
487,1182,1191,1190.801035,0.198965257
488,1193,1196,1195.735314,0.264685798
489,1189,1201,1200.503961,0.496039119
490,1200,1205,1205.404085,0.404085431
491,1212,1211,1210.454026,0.545973963
492,1218,1216,1215.533983,0.466017106
493,1215,1221,1220.46619,0.533809916
494,1228,1226,1225.567283,0.43271718
495,1235,1231,1230.717275,0.282725411
496,1226,1236,1235.600265,0.399735463
497,1225,1240,1240.376394,0.376393897
498,1250,1246,1245.558994,0.441005601
499,1243,1251,1250.5134,0.486599512
500,1250,1256,1255.517617,0.482382838
501,1245,1260,1260.33458,0.334580132
502,1255,1265,1265.261623,0.261622622
503,1257,1270,1270.139936,0.139935598
504,1275,1275,1275.285218,0.285218181
505,1280,1280,1280.438591,0.438590778
506,1277,1285,1285.442209,0.442208733
507,1291,1291,1290.632445,0.367554987
508,1293,1296,1295.770901,0.229099164
509,1292,1301,1300.79885,0.201150427
510,1304,1306,1305.973458,0.026541937
511,1302,1311,1311.017303,0.017303158
512,1304,1316,1316.010383,0.010383486
513,1320,1321,1321.229003,0.229003056
514,1320,1326,1326.355561,0.35556067
515,1334,1332,1331.666748,0.333252057
516,1331,1337,1336.825644,0.174355989
517,1337,1342,1342.010985,0.010985144
518,1344,1347,1347.242122,0.24212234
519,1353,1353,1352.557923,0.442076621
520,1361,1358,1357.937752,0.06224839
521,1366,1363,1363.32175,0.321749905
522,1360,1369,1368.492982,0.507017966
523,1363,1374,1373.630774,0.369226184
524,1376,1379,1378.932431,0.067569111
525,1378,1384,1384.179486,0.179485993
526,1386,1390,1389.490611,0.50938879
527,1387,1395,1394.727133,0.272866988
528,1396,1400,1400.047334,0.047334222
529,1390,1405,1405.154695,0.154695039
530,1400,1410,1410.366506,0.366506147
531,1400,1416,1415.484596,0.515403959
532,1415,1421,1420.805398,0.194601557
533,1422,1426,1426.169198,0.169198182
534,1424,1432,1431.476941,0.523059062
535,1432,1437,1436.847315,0.152684681
536,1440,1442,1442.279615,0.27961494
537,1435,1448,1447.516941,0.483059119
538,1442,1453,1452.797577,0.202423154
539,1459,1458,1458.318087,0.318087367
540,1463,1464,1463.819849,0.180150979
541,1468,1469,1469.32264,0.322640387
542,1474,1475,1474.84605,0.153949974
543,1467,1480,1480.133575,0.133575014
544,1486,1486,1485.699796,0.300203501
545,1476,1491,1490.970401,0.029598887
546,1495,1497,1496.519672,0.480327846
547,1506,1502,1502.187152,0.187152118
548,1493,1508,1507.498607,0.501393319
549,1507,1513,1512.989487,0.010513049
550,1513,1519,1518.500303,0.499697208
551,1526,1524,1524.168712,0.168711753
552,1530,1530,1529.815712,0.184288427
553,1520,1535,1535.165496,0.165495859
554,1526,1541,1540.536169,0.463830617
555,1538,1546,1546.045691,0.045691316
556,1542,1552,1551.534967,0.46503254
557,1543,1557,1556.944979,0.055020861
558,1559,1563,1562.572016,0.427983506
559,1570,1568,1568.315343,0.315342975
560,1569,1574,1573.937234,0.062766255
561,1567,1579,1579.419052,0.419052476
562,1584,1585,1585.136502,0.136502264
563,1585,1591,1590.771882,0.228117516
564,1587,1596,1596.345593,0.345592694
565,1590,1602,1601.877843,0.122157388
566,1594,1607,1607.388652,0.388651856
567,1616,1613,1613.232873,0.232872516
568,1621,1619,1619.072145,0.072144503
569,1628,1625,1624.945814,0.054185752
570,1622,1631,1630.597238,0.40276245
571,1628,1636,1636.264953,0.264952694
572,1628,1642,1641.830464,0.169536398
573,1636,1647,1647.452331,0.452330886
574,1640,1653,1653.051092,0.051092376
575,1651,1659,1658.764836,0.235163991
576,1668,1665,1664.710598,0.289401668
577,1666,1670,1670.511583,0.511582561
578,1674,1676,1676.366156,0.366156152
579,1681,1682,1682.253987,0.253986975
580,1687,1688,1688.154937,0.154936991
581,1680,1694,1693.812575,0.187424512
582,1702,1700,1699.800678,0.199322179
583,1695,1706,1705.544426,0.455574132
584,1711,1711,1711.499355,0.49935508
585,1715,1717,1717.426828,0.426827791
586,1715,1723,1723.248173,0.248172721
587,1729,1729,1729.240221,0.240220651
588,1727,1735,1735.085895,0.085895075
589,1732,1741,1740.924464,0.07553572
590,1747,1747,1746.952975,0.04702485
591,1738,1753,1752.696506,0.303493577
592,1756,1759,1758.689824,0.310176298
593,1762,1765,1764.69392,0.306079532
594,1762,1771,1770.590342,0.409658101
595,1770,1777,1776.537691,0.462309102
596,1774,1782,1782.456547,0.456547163
597,1775,1788,1788.287968,0.287968453
598,1783,1794,1794.170664,0.170664394
599,1784,1800,1799.966099,0.033901369
600,1809,1806,1806.148009,0.148008742
601,1805,1812,1812.141032,0.141032272
602,1815,1818,1818.222797,0.222797434
603,1811,1824,1824.116439,0.11643865
604,1816,1830,1830.001052,0.001052239
605,1823,1836,1835.916056,0.083944474
606,1841,1842,1842.077849,0.077849006
607,1848,1848,1848.267158,0.26715824
608,1858,1855,1854.542727,0.457272631
609,1856,1861,1860.667116,0.332884456
610,1856,1867,1866.681094,0.318905993
611,1875,1873,1872.960077,0.039922565
612,1881,1879,1879.245194,0.245194137
613,1883,1885,1885.457439,0.457439067
614,1892,1892,1891.73536,0.264640374
615,1895,1898,1897.959964,0.04003606
616,1893,1904,1904.033123,0.03312302
617,1895,1910,1910.035038,0.035038147
618,1907,1916,1916.163389,0.163388519
619,1913,1922,1922.298614,0.298614278
620,1920,1928,1928.460262,0.46026216
621,1932,1935,1934.746518,0.253481927
622,1930,1941,1940.880167,0.119832543
623,1946,1947,1947.217326,0.217326352
624,1946,1953,1953.4406,0.440600164
625,1958,1960,1959.78748,0.212520325
626,1954,1966,1965.941343,0.058657159
627,1970,1972,1972.298113,0.298113226
628,1967,1978,1978.481281,0.481281485
629,1981,1985,1984.827461,0.172539398
630,1992,1991,1991.275849,0.275848592
631,1991,1998,1997.588854,0.411145693
632,1992,2004,2003.8071,0.192899939
633,2010,2010,2010.266438,0.266438404
634,2002,2016,2016.452034,0.452034133
635,2024,2023,2022.957671,0.042329135
636,2017,2029,2029.208626,0.208625621
637,2032,2036,2035.640834,0.359166199
638,2036,2042,2042.035657,0.035656637
639,2051,2049,2048.610136,0.389863574
640,2045,2055,2054.948562,0.0514375
641,2050,2061,2061.269904,0.269903586
642,2062,2068,2067.712187,0.287813485
643,2061,2074,2074.017944,0.017943683
644,2065,2080,2080.286944,0.286943834
645,2079,2087,2086.716534,0.283465524
646,2081,2093,2093.068576,0.068576443
647,2102,2100,2099.718173,0.281827404
648,2105,2106,2106.307596,0.307595621
649,2106,2113,2112.797901,0.202099413
650,2103,2119,2119.111115,0.111114551
651,2123,2126,2125.70214,0.297859729
652,2132,2132,2132.351404,0.351403608
653,2127,2139,2138.782323,0.217676678
654,2148,2146,2145.509315,0.49068519
655,2149,2152,2152.135249,0.135248764
656,2149,2159,2158.641286,0.358713883
657,2161,2165,2165.264981,0.264981381
658,2158,2172,2171.709479,0.290520638
659,2181,2179,2178.488822,0.511178225
660,2176,2185,2185.047844,0.047843522
661,2194,2192,2191.841851,0.158148551
662,2201,2199,2198.651675,0.348325498
663,2191,2205,2205.142012,0.142012033
664,2200,2212,2211.690309,0.309691467
665,2208,2218,2218.276206,0.276206303
666,2222,2225,2225.017495,0.017494727
667,2220,2232,2231.597243,0.402756654
668,2241,2238,2238.470197,0.470197008
669,2229,2245,2244.983053,0.016946704
670,2246,2252,2251.710729,0.289270696
671,2257,2259,2258.532802,0.467197837
672,2261,2265,2265.310296,0.310295837
673,2273,2272,2272.201197,0.201196647
674,2271,2279,2278.928387,0.071613374
675,2275,2286,2285.611595,0.38840547
676,2290,2292,2292.467937,0.467936581
677,2293,2299,2299.25914,0.25913971
678,2289,2306,2305.847778,0.152222249
679,2310,2313,2312.728418,0.271581667
680,2317,2320,2319.622225,0.37777454
681,2312,2326,2326.292471,0.292470948
682,2322,2333,2333.036843,0.036843453
683,2335,2340,2339.913658,0.086341875
684,2330,2347,2346.566793,0.433206754
685,2341,2353,2353.313651,0.31365096
686,2360,2360,2360.310898,0.310898174
687,2362,2367,2367.220972,0.220972357
688,2375,2374,2374.261396,0.261396187
689,2376,2381,2381.194303,0.194302619
690,2376,2388,2388.000918,0.000918333
691,2377,2395,2394.70208,0.297919627
692,2389,2402,2401.515513,0.484486909
693,2396,2408,2408.341504,0.341504448
694,2409,2415,2415.29809,0.298089809
695,2419,2422,2422.324783,0.324783052
696,2424,2429,2429.322261,0.322260737
697,2424,2436,2436.192163,0.192162594
698,2435,2443,2443.152416,0.15241559
699,2435,2450,2449.985264,0.014735954
700,2457,2457,2457.125424,0.125423919
701,2457,2464,2464.136243,0.13624303
702,2469,2471,2471.255363,0.255362989
703,2480,2478,2478.46192,0.461920082
704,2474,2485,2485.419921,0.419920638
705,2490,2493,2492.565244,0.434756419
706,2482,2499,2499.422985,0.42298457
707,2492,2506,2506.350581,0.350580556
708,2505,2513,2513.406394,0.406394292
709,2511,2520,2520.451135,0.45113547
710,2516,2527,2527.465108,0.465107511
711,2533,2535,2534.685009,0.314991162
712,2539,2542,2541.891954,0.10804596
713,2538,2549,2548.948005,0.051995054
714,2544,2556,2555.99248,0.00751975
715,2562,2563,2563.261894,0.261894084
716,2567,2571,2570.497761,0.502239077
717,2579,2578,2577.838251,0.1617488
718,2585,2585,2585.163991,0.163990693
719,2578,2592,2592.218806,0.2188063
720,2593,2599,2599.438799,0.43879889
721,2606,2607,2606.782856,0.217144288
722,2607,2614,2614.013172,0.013171973
723,2613,2621,2621.229284,0.229284026
724,2618,2628,2628.411523,0.411522767
725,2634,2636,2635.776907,0.223093315
726,2635,2643,2643.027939,0.027938948
727,2651,2650,2650.461242,0.461241552
728,2652,2658,2657.779321,0.220678623
729,2661,2665,2665.14085,0.140849859
730,2660,2672,2672.348223,0.348222756
731,2664,2680,2679.501377,0.498622661
732,2676,2687,2686.758415,0.241584584
733,2681,2694,2693.980286,0.019714337
734,2687,2701,2701.186946,0.186946339
735,2694,2708,2708.398165,0.398165366
736,2715,2716,2715.889721,0.110278619
737,2725,2723,2723.442008,0.442007885
738,2716,2731,2730.679872,0.320128043
739,2726,2738,2737.980712,0.019287747
740,2739,2745,2745.402953,0.402952671
741,2736,2753,2752.629994,0.370006357
742,2762,2760,2760.235164,0.235164264
743,2766,2768,2767.781122,0.218877624
744,2761,2775,2775.090958,0.090957822
745,2769,2782,2782.423065,0.423065122
746,2788,2790,2789.993926,0.006073578
747,2780,2797,2797.269014,0.26901401
748,2790,2805,2804.605844,0.394156178
749,2806,2812,2812.12198,0.121980185
750,2805,2819,2819.480556,0.480555655
751,2814,2827,2826.880083,0.119916622
752,2833,2835,2834.517156,0.482843859
753,2837,2842,2842.09375,0.093750311
754,2849,2850,2849.768007,0.231993044
755,2843,2857,2857.184128,0.18412839
756,2851,2865,2864.62043,0.379570407
757,2873,2872,2872.352537,0.352536577
758,2881,2880,2880.101566,0.101566363
759,2879,2888,2887.67016,0.329840049
760,2895,2895,2895.414702,0.414702016
761,2886,2903,2902.840683,0.159316688
762,2898,2910,2910.364962,0.364962265
763,2921,2918,2918.203284,0.203284445
764,2926,2926,2925.997755,0.002244962
765,2927,2934,2933.66985,0.330149549
766,2938,2941,2941.417728,0.417728098
767,2934,2949,2948.94493,0.05507001
768,2952,2957,2956.687073,0.312926847
769,2963,2964,2964.504021,0.504020621
770,2973,2972,2972.375229,0.375229218
771,2971,2980,2980.063564,0.063563986
772,2983,2988,2987.846603,0.153397458
773,2993,2996,2995.683908,0.316091623
774,2986,3003,3003.239814,0.23981401
775,3003,3011,3010.989943,0.010056952
776,3012,3019,3018.774657,0.225342723
777,3028,3027,3026.731475,0.268525145
778,3034,3035,3034.661537,0.338463083
779,3024,3042,3042.249662,0.249662081
780,3050,3050,3050.208554,0.208554259
781,3047,3058,3057.962991,0.037009498
782,3057,3066,3065.771053,0.228947302
783,3063,3074,3073.553293,0.446706893
784,3065,3081,3081.231035,0.231034821
785,3073,3089,3088.92345,0.076549741
786,3084,3097,3096.689437,0.310563141
787,3103,3105,3104.685856,0.31414421
788,3098,3112,3112.437381,0.437381242
789,3115,3120,3120.379863,0.379862802
790,3124,3128,3128.353688,0.353688259
791,3120,3136,3136.102246,0.102245725
792,3142,3144,3144.14003,0.140029793
793,3142,3152,3152.030563,0.030563263
794,3147,3160,3159.873711,0.126289011
795,3160,3168,3167.827503,0.172497493
796,3158,3176,3175.595151,0.404848662
797,3179,3184,3183.631654,0.368346291
798,3182,3192,3191.579565,0.420434681
799,3196,3200,3199.65643,0.343569612
800,3196,3208,3207.584985,0.415015047
801,3209,3216,3215.62277,0.377230404
802,3211,3223,3223.55184,0.551840192
803,3223,3232,3231.570233,0.429766613
804,3226,3239,3239.499617,0.499616815
805,3247,3248,3247.695501,0.304498804
806,3249,3256,3255.780749,0.219250944
807,3261,3264,3263.953404,0.046596072
808,3262,3272,3271.995725,0.004275058
809,3282,3280,3280.283323,0.2833226
810,3281,3288,3288.399844,0.399843835
811,3288,3296,3296.504501,0.504501416
812,3297,3305,3304.636726,0.363274169
813,3305,3313,3312.776442,0.223558443
814,3323,3321,3321.120553,0.120553161
815,3320,3329,3329.253102,0.253101949
816,3338,3338,3337.589897,0.410103115
817,3340,3346,3345.813523,0.186477305
818,3350,3354,3354.08263,0.082629572
819,3346,3362,3362.12076,0.120760139
820,3369,3370,3370.462171,0.462171452
821,3368,3379,3378.630833,0.369167023
822,3385,3387,3386.983058,0.016941953
823,3388,3395,3395.241051,0.241051442
824,3402,3404,3403.622407,0.377593348
825,3394,3412,3411.692247,0.307753417
826,3408,3420,3419.88707,0.112929928
827,3417,3428,3428.107038,0.107037788
828,3422,3436,3436.272981,0.272980833
829,3441,3445,3444.661242,0.338758123
830,3439,3453,3452.8557,0.144300034
831,3452,3461,3461.153755,0.153754623
832,3456,3469,3469.376936,0.376936219
833,3467,3478,3477.663832,0.336167804
834,3470,3486,3485.856069,0.143931099
835,3496,3494,3494.407755,0.407754825
836,3497,3503,3502.822603,0.177397268
837,3504,3511,3511.220075,0.220075414
838,3509,3519,3519.560822,0.560822222
839,3512,3528,3527.805879,0.194120764
840,3521,3536,3536.074332,0.074331867
841,3534,3544,3544.444698,0.444698334
842,3551,3553,3552.994729,0.005270762
843,3547,3561,3561.308712,0.308711952
844,3559,3570,3569.704162,0.295837545
845,3567,3578,3578.101367,0.101366761
846,3581,3586,3586.61846,0.61845964
847,3580,3595,3594.95856,0.041440159
848,3602,3603,3603.576569,0.576568937
849,3601,3612,3612.016409,0.016408913
850,3608,3620,3620.437368,0.437367531
851,3627,3629,3629.076028,0.076028317
852,3633,3638,3637.673974,0.326026216
853,3634,3646,3646.13295,0.132949841
854,3644,3655,3654.631576,0.368424348
855,3657,3663,3663.228495,0.22849544
856,3666,3672,3671.843824,0.156176499
857,3667,3680,3680.319614,0.319613581
858,3681,3689,3688.913324,0.086676102
859,3686,3697,3697.446343,0.446343464
860,3706,3706,3706.214781,0.214780847
861,3698,3715,3714.664426,0.335573656
862,3708,3723,3723.153015,0.15301504
863,3719,3732,3731.699791,0.300208717
864,3741,3740,3740.520887,0.520886755
865,3742,3749,3749.199669,0.199669284
866,3751,3758,3757.895072,0.104927642
867,3764,3767,3766.685663,0.314337334
868,3767,3775,3775.37333,0.373330262
869,3766,3784,3783.880137,0.119863247
870,3786,3793,3792.621611,0.37838913
871,3793,3801,3801.33918,0.33918004
872,3798,3810,3809.993558,0.006441748
873,3809,3819,3818.703509,0.296491265
874,3821,3827,3827.488104,0.488104066
875,3835,3836,3836.385934,0.385933955
876,3828,3845,3844.981925,0.018074556
877,3836,3853,3853.574527,0.574526781
878,3851,3862,3862.301643,0.301642602
879,3857,3871,3870.984508,0.015491925
880,3867,3880,3879.702292,0.297708251
881,3881,3888,3888.533395,0.533395005
882,3897,3897,3897.516036,0.516036018
883,3902,3906,3906.431848,0.431848167
884,3901,3915,3915.163121,0.163120633
885,3919,3924,3924.085994,0.085994281
886,3920,3933,3932.863478,0.136522185
887,3942,3942,3941.910747,0.089253016
888,3944,3951,3950.830922,0.169078463
889,3945,3960,3959.605416,0.394583535
890,3964,3969,3968.59029,0.409709691
891,3962,3977,3977.369538,0.369538076
892,3981,3986,3986.358922,0.358922182
893,3995,3995,3995.457766,0.457766496
894,3990,4004,4004.290448,0.29044791
895,4011,4013,4013.37185,0.371850315
896,4023,4022,4022.522088,0.522087625
897,4019,4031,4031.425051,0.425050567
898,4033,4040,4040.437774,0.437774292
899,4044,4049,4049.499972,0.499971732
900,4045,4058,4058.413979,0.413979431
901,4060,4067,4067.457046,0.457046298
902,4061,4076,4076.351913,0.351912918
903,4077,4085,4085.39554,0.395539971
904,4083,4094,4094.389311,0.389310877
905,4092,4103,4103.392735,0.392734785
906,4112,4113,4112.622409,0.377591374
907,4107,4121,4121.583335,0.583334573
908,4131,4131,4130.849545,0.150454754
909,4138,4140,4140.08294,0.082940448
910,4134,4149,4149.066937,0.066936551
911,4147,4158,4158.138886,0.138886461
912,4163,4167,4167.356968,0.356967768
913,4166,4176,4176.463458,0.463457542
914,4176,4186,4185.59729,0.40270965
915,4184,4195,4194.718687,0.281313091
916,4201,4204,4204.00504,0.005040292
917,4207,4213,4213.237859,0.237858585
918,4213,4222,4222.417552,0.417552403
919,4219,4231,4231.544535,0.544534764
920,4224,4241,4240.599513,0.400486849
921,4234,4250,4249.681636,0.318363617
922,4258,4259,4259.066464,0.066464202
923,4259,4268,4268.297677,0.297676607
924,4276,4278,4277.691982,0.308018202
925,4277,4287,4286.932364,0.067636006
926,4283,4296,4296.11875,0.118749644
927,4302,4305,4305.507769,0.507769051
928,4310,4315,4314.880567,0.119432778
929,4322,4324,4324.316023,0.316022713
930,4315,4333,4333.438967,0.438967412
931,4328,4343,4342.646494,0.353506455
932,4340,4352,4351.917987,0.082013336
933,4349,4361,4361.19361,0.193610276
934,4352,4370,4370.354983,0.354982856
935,4379,4380,4379.876113,0.123887061
936,4385,4389,4389.339545,0.339544512
937,4388,4399,4398.686601,0.313399238
938,4404,4408,4408.174509,0.174509308
939,4418,4418,4417.762383,0.237616744
940,4420,4427,4427.212644,0.212643553
941,4436,4437,4436.802424,0.197576307
942,4428,4446,4446.057271,0.0572709
943,4444,4455,4455.453324,0.453324187
944,4458,4465,4464.949708,0.050292226
945,4459,4474,4474.289146,0.289145612
946,4466,4484,4483.591312,0.40868848
947,4489,4493,4493.171806,0.171806311
948,4484,4502,4502.476012,0.476012056
949,4504,4512,4511.99921,0.000790047
950,4522,4522,4521.699766,0.300234061
951,4521,4531,4531.201398,0.201398491
952,4536,4541,4540.821255,0.178745377
953,4538,4550,4550.301881,0.301881042
954,4542,4560,4559.683943,0.316056946
955,4553,4569,4569.106263,0.106263108
956,4561,4579,4578.509242,0.490758363
957,4588,4588,4588.267429,0.267429372
958,4588,4598,4597.845166,0.154834325
959,4608,4608,4607.63825,0.361750431
960,4611,4617,4617.309448,0.309447969
961,4617,4627,4626.918954,0.081045696
962,4637,4637,4636.743174,0.256826125
963,4632,4646,4646.287217,0.287217352
964,4643,4656,4655.869024,0.130975575
965,4659,4666,4665.586675,0.413324565
966,4660,4675,4675.143135,0.143134576
967,4675,4685,4684.815778,0.184221525
968,4675,4694,4694.307768,0.307767638
969,4701,4704,4704.133169,0.133168758
970,4696,4714,4713.677706,0.32229404
971,4723,4724,4723.574657,0.425342718
972,4724,4733,4733.308097,0.308097222
973,4736,4743,4743.09629,0.096289515
974,4734,4753,4752.66269,0.337309819
975,4762,4763,4762.600593,0.399406964
976,4763,4772,4772.37418,0.374180387
977,4766,4782,4782.024353,0.02435346
978,4786,4792,4791.887249,0.112750964
979,4792,4802,4801.684795,0.315205
980,4800,4812,4811.456937,0.543062628
981,4813,4821,4821.302363,0.302363378
982,4828,4831,4831.259677,0.259677361
983,4823,4841,4840.933529,0.066471229
984,4831,4851,4850.582773,0.417227476
985,4842,4860,4860.266689,0.266688789
986,4857,4870,4870.06369,0.063690383
987,4877,4880,4880.07113,0.071130184
988,4886,4890,4890.070076,0.070075742
989,4894,4900,4900.040789,0.040789091
990,4904,4910,4910.02285,0.022850264
991,4903,4920,4919.799255,0.200744593
992,4918,4930,4929.687229,0.312770976
993,4927,4940,4939.56735,0.432650209
994,4940,4950,4949.51843,0.481570401
995,4951,4960,4959.500266,0.499733826
996,4964,4970,4969.551875,0.448125315
997,4974,4980,4979.613348,0.386651508
998,4984,4990,4989.684483,0.315516948
999,4998,5000,4999.843907,0.156092825
1000,5003,5010,5009.913281,0.086719022
